2011.02.08 15:21:50,,,
MIHARU,,,
T1,,,
,N102W,N12W,
TIME(s),STREAM(gal),DAMAXIS(gal),U-D(gal)
0.01,-135,-9,31
0.02,-147,-8,42
0.03,-138,-9,47
0.04,-126,-15,45
0.05,-117,-10,46
0.06,-108,-1,51
0.07,-120,-2,51
0.08,-128,-4,35
0.09,-129,-2,28
0.10,-134,-7,39
0.11,-129,-16,53
0.12,-120,-17,54
0.13,-115,-12,41
0.14,-119,-9,34
0.15,-130,-12,33
0.16,-137,-15,41
0.17,-137,-10,56
0.18,-133,-6,51
0.19,-123,-5,35
0.20,-127,-7,31
0.21,-131,-12,35
0.22,-120,-12,46
0.23,-118,-2,55
0.24,-129,2,45
0.25,-131,-4,36
0.26,-126,-9,38
0.27,-125,-1,36
0.28,-131,-1,32
0.29,-128,-5,37
0.30,-121,-1,42
0.31,-125,-6,43
0.32,-131,-14,44
0.33,-134,-14,47
0.34,-131,-16,51
0.35,-126,-11,59
0.36,-130,-5,59
0.37,-128,-9,49
0.38,-125,-8,49
0.39,-134,-10,42
0.40,-134,-19,33
0.41,-126,-24,34
0.42,-128,-24,43
0.43,-128,-12,50
0.44,-123,-4,56
0.45,-119,-4,62
0.46,-126,-2,52
0.47,-133,-4,36
0.48,-130,-10,34
0.49,-124,-13,38
0.50,-123,-13,42
0.51,-132,-9,42
0.52,-140,-4,40
0.53,-131,-9,44
0.54,-121,-20,42
0.55,-132,-19,43
0.56,-135,-5,50
0.57,-123,-1,56
0.58,-130,-10,55
0.59,-151,-11,55
0.60,-140,-3,60
0.61,-114,-7,46
0.62,-117,-8,36
0.63,-133,1,44
0.64,-135,-8,54
0.65,-128,-17,44
0.66,-126,-8,40
0.67,-131,-8,48
0.68,-129,-16,57
0.69,-125,-16,61
0.70,-127,-11,46
0.71,-129,-13,34
0.72,-127,-8,37
0.73,-129,-4,38
0.74,-137,-11,44
0.75,-128,-8,55
0.76,-117,-2,48
0.77,-129,-12,31
0.78,-139,-17,29
0.79,-133,-14,43
0.80,-133,-9,53
0.81,-136,-8,60
0.82,-125,-11,56
0.83,-125,-14,49
0.84,-142,-14,49
0.85,-141,-9,51
0.86,-124,-4,41
0.87,-123,-11,34
0.88,-138,-16,39
0.89,-141,-11,47
0.90,-137,-9,49
0.91,-138,-16,43
0.92,-132,-15,45
0.93,-130,-5,52
0.94,-131,-6,56
0.95,-130,-14,51
0.96,-127,-10,39
0.97,-127,-9,24
0.98,-129,-11,30
0.99,-127,-9,40
1.00,-127,-6,41
1.01,-136,-1,49
1.02,-137,-8,51
1.03,-132,-20,39
1.04,-126,-20,43
1.05,-128,-11,50
1.06,-134,-5,39
1.07,-135,-9,31
1.08,-131,-5,37
1.09,-123,1,53
1.10,-120,-4,63
1.11,-129,-15,56
1.12,-133,-13,47
1.13,-123,-11,47
1.14,-118,-12,51
1.15,-125,-9,55
1.16,-130,-11,48
1.17,-132,-10,44
1.18,-135,-3,56
1.19,-130,0,56
1.20,-129,-8,40
1.21,-134,-16,38
1.22,-136,-8,48
1.23,-131,-4,52
1.24,-127,-10,50
1.25,-133,-15,55
1.26,-134,-11,57
1.27,-132,-5,48
1.28,-126,-3,50
1.29,-121,5,52
1.30,-129,-1,43
1.31,-131,-6,34
1.32,-121,-2,40
1.33,-120,-2,53
1.34,-130,-6,55
1.35,-129,-5,47
1.36,-127,0,44
1.37,-127,-5,41
1.38,-126,-10,40
1.39,-125,-8,45
1.40,-134,-7,50
1.41,-133,-2,50
1.42,-123,-1,46
1.43,-124,-8,43
1.44,-126,-18,46
1.45,-127,-25,44
1.46,-133,-19,40
1.47,-135,-2,43
1.48,-130,0,46
1.49,-127,-5,46
1.50,-131,-4,58
1.51,-136,-4,62
1.52,-136,-5,50
1.53,-131,-9,42
1.54,-131,-10,32
1.55,-135,-9,36
1.56,-132,-10,48
1.57,-125,-10,50
1.58,-121,-5,50
1.59,-127,-10,57
1.60,-129,-13,52
1.61,-120,-19,43
1.62,-121,-23,41
1.63,-126,-13,44
1.64,-128,-5,50
1.65,-137,-7,46
1.66,-140,-8,39
1.67,-139,-9,45
1.68,-136,-10,50
1.69,-129,-12,47
1.70,-136,-16,45
1.71,-135,-15,46
1.72,-122,-11,49
1.73,-127,-9,51
1.74,-132,-12,45
1.75,-125,-7,43
1.76,-127,-6,39
1.77,-134,-7,41
1.78,-130,-6,42
1.79,-128,-8,38
1.80,-130,-12,37
1.81,-133,-12,41
1.82,-134,-9,43
1.83,-126,-13,47
1.84,-123,-14,51
1.85,-138,-13,43
1.86,-137,-11,35
1.87,-125,-11,36
1.88,-121,-15,49
1.89,-129,-14,52
1.90,-129,-9,46
1.91,-125,-3,39
1.92,-127,-6,42
1.93,-124,-18,45
1.94,-131,-21,43
1.95,-137,-11,52
1.96,-127,-5,59
1.97,-128,-13,39
1.98,-141,-17,28
1.99,-137,-12,48
2.00,-126,-3,53
2.01,-123,-1,47
2.02,-122,-13,46
2.03,-122,-16,42
2.04,-127,-10,45
2.05,-138,-9,42
2.06,-138,-6,36
2.07,-127,-10,43
2.08,-118,-16,44
2.09,-118,-11,36
2.10,-126,-5,35
2.11,-132,-9,42
2.12,-139,-6,47
2.13,-137,-7,53
2.14,-122,-12,56
2.15,-117,-2,44
2.16,-124,3,35
2.17,-130,-10,41
2.18,-131,-12,50
2.19,-126,-11,62
2.20,-121,-15,54
2.21,-119,-12,42
2.22,-129,-8,45
2.23,-141,-14,43
2.24,-140,-19,34
2.25,-131,-13,43
2.26,-134,-7,52
2.27,-140,-2,42
2.28,-131,2,32
2.29,-116,-5,37
2.30,-127,-14,43
2.31,-136,-13,34
2.32,-128,-10,29
2.33,-125,-9,41
2.34,-133,-12,44
2.35,-135,-7,34
2.36,-127,-1,32
2.37,-125,-6,30
2.38,-120,-9,30
2.39,-122,-10,55
2.40,-130,-7,57
2.41,-128,-10,26
2.42,-124,-14,31
2.43,-127,-5,49
2.44,-131,-8,43
2.45,-140,-21,46
2.46,-138,-21,45
2.47,-124,-14,38
2.48,-129,-4,43
2.49,-136,-8,45
2.50,-124,-10,48
2.51,-116,-3,52
2.52,-124,-7,52
2.53,-122,-9,39
2.54,-117,-12,23
2.55,-125,-18,33
2.56,-137,-13,47
2.57,-134,-8,45
2.58,-118,-3,48
2.59,-119,-5,55
2.60,-128,-4,40
2.61,-133,-2,35
2.62,-140,-10,53
2.63,-144,-13,54
2.64,-134,-5,34
2.65,-124,0,33
2.66,-130,0,50
2.67,-134,-1,56
2.68,-118,-8,44
2.69,-116,-12,44
2.70,-129,-9,40
2.71,-137,-5,27
2.72,-130,-8,37
2.73,-124,-14,59
2.74,-129,-15,61
2.75,-138,-10,54
2.76,-138,-8,47
2.77,-125,-7,43
2.78,-121,-7,38
2.79,-131,-8,44
2.80,-131,-11,54
2.81,-134,-10,56
2.82,-140,-7,57
2.83,-138,-14,57
2.84,-136,-11,54
2.85,-139,1,52
2.86,-134,-4,49
2.87,-129,-13,51
2.88,-134,-11,52
2.89,-138,-7,41
2.90,-136,-11,36
2.91,-128,-10,42
2.92,-125,-10,49
2.93,-128,-12,47
2.94,-133,-9,37
2.95,-127,-5,35
2.96,-121,-7,35
2.97,-124,-14,36
2.98,-128,-9,41
2.99,-128,-8,41
3.00,-133,-6,47
3.01,-139,0,50
3.02,-137,1,36
3.03,-131,-3,34
3.04,-123,-8,43
3.05,-122,-20,39
3.06,-122,-19,39
3.07,-125,-7,35
3.08,-135,-3,32
3.09,-139,-12,39
3.10,-130,-14,53
3.11,-124,-10,50
3.12,-131,-10,38
3.13,-137,-9,41
3.14,-133,-10,44
3.15,-134,-14,42
3.16,-132,-12,41
3.17,-131,-6,43
3.18,-137,-10,47
3.19,-133,-15,50
3.20,-127,-17,47
3.21,-133,-13,52
3.22,-134,-12,55
3.23,-132,-14,54
3.24,-125,-16,43
3.25,-121,-10,36
3.26,-126,0,40
3.27,-132,-8,46
3.28,-131,-16,55
3.29,-128,-9,57
3.30,-124,-5,48
3.31,-121,-8,45
3.32,-130,-7,46
3.33,-138,-10,42
3.34,-131,-11,41
3.35,-126,-10,48
3.36,-128,-11,53
3.37,-129,-8,36
3.38,-132,-8,38
3.39,-136,-15,49
3.40,-131,-17,47
3.41,-118,-12,49
3.42,-113,-9,48
3.43,-116,-15,48
3.44,-120,-14,56
3.45,-125,-10,60
3.46,-129,-9,57
3.47,-130,-9,43
3.48,-130,-8,30
3.49,-133,-10,34
3.50,-132,-12,36
3.51,-123,-17,37
3.52,-125,-20,42
3.53,-135,-15,51
3.54,-138,-13,54
3.55,-136,-10,50
3.56,-128,-1,49
3.57,-131,-7,52
3.58,-138,-16,62
3.59,-134,-7,51
3.60,-128,-6,39
3.61,-136,-16,40
3.62,-140,-16,33
3.63,-133,-10,36
3.64,-125,-11,47
3.65,-129,-12,46
3.66,-132,-6,39
3.67,-125,-8,36
3.68,-129,-11,32
3.69,-131,-7,40
3.70,-127,-11,66
3.71,-131,-15,77
3.72,-132,-8,57
3.73,-128,-4,41
3.74,-126,-8,44
3.75,-126,-7,47
3.76,-127,-11,46
3.77,-130,-11,40
3.78,-131,-2,44
3.79,-124,-2,40
3.80,-122,-9,39
3.81,-125,-9,56
3.82,-121,-6,57
3.83,-130,-12,42
3.84,-143,-18,43
3.85,-140,-10,47
3.86,-130,-5,44
3.87,-125,-6,46
3.88,-123,-3,41
3.89,-120,-2,44
3.90,-129,-6,54
3.91,-127,-8,53
3.92,-115,-4,39
3.93,-118,3,27
3.94,-131,1,40
3.95,-134,-16,53
3.96,-129,-13,44
3.97,-131,-4,42
3.98,-137,-3,46
3.99,-127,-5,46
4.00,-119,-8,44
4.01,-130,-10,42
4.02,-137,-8,42
4.03,-128,-3,42
4.04,-122,-6,44
4.05,-124,-10,42
4.06,-123,-3,42
4.07,-127,-3,37
4.08,-128,-5,37
4.09,-122,0,46
4.10,-127,-1,49
4.11,-134,-2,50
4.12,-129,-4,44
4.13,-127,-13,30
4.14,-124,-19,34
4.15,-117,-18,42
4.16,-117,-10,41
4.17,-125,-9,41
4.18,-132,-12,41
4.19,-132,-11,35
4.20,-128,-9,31
4.21,-125,-5,34
4.22,-124,-6,31
4.23,-133,-16,34
4.24,-131,-16,49
4.25,-124,-7,53
4.26,-119,-3,39
4.27,-118,-6,41
4.28,-125,-3,41
4.29,-135,-3,36
4.30,-140,-12,46
4.31,-144,-21,50
4.32,-133,-17,42
4.33,-120,-9,47
4.34,-122,-11,47
4.35,-131,-11,30
4.36,-132,-10,41
4.37,-120,-9,63
4.38,-113,-4,60
4.39,-120,-8,48
4.40,-127,-17,42
4.41,-130,-19,37
4.42,-135,-12,29
4.43,-130,-7,27
4.44,-120,-8,33
4.45,-122,-9,42
4.46,-128,-12,54
4.47,-127,-16,52
4.48,-125,-15,35
4.49,-130,-14,31
4.50,-132,-12,37
4.51,-124,-10,36
4.52,-121,-11,33
4.53,-126,-11,35
4.54,-130,-10,39
4.55,-126,-18,40
4.56,-126,-18,41
4.57,-129,-2,43
4.58,-129,-1,50
4.59,-125,-13,53
4.60,-120,-16,44
4.61,-124,-9,38
4.62,-132,-9,47
4.63,-129,-12,41
4.64,-121,-9,27
4.65,-126,-6,38
4.66,-139,-11,52
4.67,-132,-14,39
4.68,-123,-9,43
4.69,-133,-6,59
4.70,-136,-5,47
4.71,-126,-4,31
4.72,-126,-9,39
4.73,-139,-15,58
4.74,-134,-12,58
4.75,-121,-7,40
4.76,-130,-10,32
4.77,-141,-9,38
4.78,-130,-12,40
4.79,-122,-14,46
4.80,-122,-5,53
4.81,-125,-7,57
4.82,-134,-14,49
4.83,-133,-10,38
4.84,-124,-13,37
4.85,-127,-16,45
4.86,-140,-14,49
4.87,-136,-13,38
4.88,-131,-6,41
4.89,-133,-3,48
4.90,-129,-14,38
4.91,-132,-18,43
4.92,-137,-11,42
4.93,-134,-6,32
4.94,-137,-7,31
4.95,-137,-8,35
4.96,-130,-6,43
4.97,-126,-10,47
4.98,-126,-15,51
4.99,-124,-7,51
5.00,-125,2,42
5.01,-123,-9,42
5.02,-120,-19,42
5.03,-124,-18,43
5.04,-126,-13,45
5.05,-123,-8,36
5.06,-122,-8,47
5.07,-125,-16,60
5.08,-133,-16,43
5.09,-129,-4,28
5.10,-125,0,38
5.11,-129,-8,56
5.12,-137,-13,55
5.13,-139,-8,47
5.14,-124,-7,52
5.15,-115,-6,46
5.16,-128,-10,40
5.17,-139,-19,52
5.18,-132,-18,52
5.19,-127,-11,46
5.20,-132,-11,45
5.21,-129,-13,46
5.22,-126,-11,44
5.23,-136,-10,49
5.24,-133,-9,49
5.25,-131,-7,37
5.26,-132,-7,42
5.27,-128,-11,37
5.28,-113,-14,24
5.29,-118,1,30
5.30,-133,2,43
5.31,-135,-13,41
5.32,-130,-17,40
5.33,-131,-18,37
5.34,-132,-21,35
5.35,-127,-7,48
5.36,-121,7,52
5.37,-116,-2,39
5.38,-113,-19,38
5.39,-114,-19,51
5.40,-123,-5,59
5.41,-137,1,56
5.42,-140,-5,46
5.43,-130,-11,40
5.44,-126,-17,43
5.45,-130,-18,48
5.46,-132,-11,49
5.47,-133,-5,58
5.48,-125,-11,57
5.49,-123,-13,52
5.50,-122,-5,52
5.51,-127,-6,48
5.52,-138,-13,48
5.53,-137,-14,46
5.54,-131,-6,45
5.55,-126,-2,44
5.56,-130,-6,46
5.57,-131,-14,44
5.58,-125,-16,37
5.59,-133,-12,35
5.60,-139,-11,35
5.61,-127,-8,30
5.62,-125,-3,32
5.63,-136,-2,39
5.64,-132,-8,34
5.65,-129,-15,30
5.66,-134,-9,44
5.67,-120,-3,61
5.68,-110,-7,58
5.69,-118,-13,38
5.70,-130,-14,28
5.71,-135,-12,44
5.72,-138,-17,47
5.73,-133,-14,39
5.74,-128,-5,39
5.75,-124,-12,43
5.76,-125,-15,45
5.77,-143,-8,47
5.78,-149,-6,40
5.79,-137,-15,39
5.80,-129,-17,42
5.81,-127,-7,47
5.82,-127,-2,55
5.83,-129,-4,61
5.84,-126,-6,52
5.85,-127,-16,40
5.86,-133,-18,37
5.87,-132,-5,47
5.88,-131,0,58
5.89,-125,-5,46
5.90,-121,-11,43
5.91,-124,-10,54
5.92,-133,-9,50
5.93,-133,-9,28
5.94,-132,-7,35
5.95,-140,-4,57
5.96,-140,-9,52
5.97,-128,-16,37
5.98,-121,-16,45
5.99,-129,-12,56
6.00,-132,-9,43
6.01,-128,-9,41
6.02,-132,-14,46
6.03,-135,-12,41
6.04,-129,-3,34
6.05,-125,5,32
6.06,-134,2,33
6.07,-138,-6,35
6.08,-133,0,37
6.09,-127,-1,39
6.10,-127,-13,42
6.11,-126,-13,35
6.12,-121,-9,34
6.13,-123,-6,38
6.14,-131,-4,44
6.15,-135,-2,47
6.16,-131,-5,43
6.17,-126,-14,33
6.18,-127,-20,36
6.19,-123,-16,50
6.20,-122,-4,56
6.21,-126,2,40
6.22,-124,-2,30
6.23,-128,-5,41
6.24,-128,-1,48
6.25,-122,-13,44
6.26,-129,-18,46
6.27,-136,-8,33
6.28,-133,-2,33
6.29,-134,-4,46
6.30,-137,-5,47
6.31,-130,-11,38
6.32,-119,-19,40
6.33,-115,-18,44
6.34,-115,-14,36
6.35,-122,-12,30
6.36,-132,-8,32
6.37,-136,-2,47
6.38,-132,1,46
6.39,-129,-6,37
6.40,-132,-14,55
6.41,-127,-7,59
6.42,-121,1,38
6.43,-127,-8,50
6.44,-132,-10,60
6.45,-129,-8,45
6.46,-130,-14,48
6.47,-130,-13,54
6.48,-130,-4,45
6.49,-136,-2,43
6.50,-148,-11,48
6.51,-147,-14,47
6.52,-134,-6,52
6.53,-128,-4,59
6.54,-124,-11,46
6.55,-123,-13,36
6.56,-127,-15,45
6.57,-130,-9,43
6.58,-137,3,33
6.59,-135,0,41
6.60,-123,-21,49
6.61,-131,-22,47
6.62,-140,-5,50
6.63,-132,-6,47
6.64,-125,-13,41
6.65,-130,-8,49
6.66,-132,0,62
6.67,-132,-6,47
6.68,-134,-22,30
6.69,-130,-22,39
6.70,-122,-11,48
6.71,-132,-10,42
6.72,-141,-7,40
6.73,-133,-1,38
6.74,-132,-5,33
6.75,-134,-13,32
6.76,-129,-12,38
6.77,-129,-11,41
6.78,-131,-9,42
6.79,-129,-11,49
6.80,-128,-13,46
6.81,-132,-12,41
6.82,-133,-10,39
6.83,-135,-12,34
6.84,-132,-13,34
6.85,-124,-9,40
6.86,-125,-7,47
6.87,-133,-5,54
6.88,-133,-1,58
6.89,-133,-5,56
6.90,-132,-13,51
6.91,-131,-10,37
6.92,-129,-9,24
6.93,-125,-17,40
6.94,-132,-14,55
6.95,-140,-4,51
6.96,-135,-7,43
6.97,-122,-9,43
6.98,-122,1,46
6.99,-140,1,40
7.00,-144,-12,37
7.01,-138,-22,39
7.02,-125,-13,46
7.03,-125,3,54
7.04,-129,4,59
7.05,-128,-13,61
7.06,-130,-21,57
7.07,-131,-17,44
7.08,-137,-17,46
7.09,-143,-19,53
7.10,-132,-13,48
7.11,-120,-10,35
7.12,-127,-10,41
7.13,-136,-11,50
7.14,-133,-8,47
7.15,-119,-9,36
7.16,-118,-16,31
7.17,-126,-11,45
7.18,-126,-4,48
7.19,-135,-7,36
7.20,-139,-6,38
7.21,-129,-10,47
7.22,-123,-17,48
7.23,-123,-16,48
7.24,-122,-10,47
7.25,-122,-5,45
7.26,-119,-3,44
7.27,-124,-9,41
7.28,-124,-15,40
7.29,-125,-8,45
7.30,-134,-6,40
7.31,-132,-14,25
7.32,-124,-18,31
7.33,-127,-16,44
7.34,-131,-16,44
7.35,-122,-13,49
7.36,-122,-14,48
7.37,-127,-18,46
7.38,-126,-21,54
7.39,-124,-17,49
7.40,-126,-6,30
7.41,-124,-8,30
7.42,-135,-15,44
7.43,-140,-14,47
7.44,-127,-12,43
7.45,-124,-16,46
7.46,-123,-14,45
7.47,-124,-14,45
7.48,-125,-11,46
7.49,-132,-8,49
7.50,-145,-10,45
7.51,-143,-15,46
7.52,-134,-17,54
7.53,-131,-20,67
7.54,-139,-18,63
7.55,-134,-12,56
7.56,-123,-8,59
7.57,-124,-9,47
7.58,-126,-10,35
7.59,-130,-2,42
7.60,-126,-5,52
7.61,-126,-14,51
7.62,-131,-11,43
7.63,-134,-12,36
7.64,-130,-19,38
7.65,-125,-13,49
7.66,-130,-4,38
7.67,-127,-2,38
7.68,-132,-6,46
7.69,-133,-5,39
7.70,-117,-12,36
7.71,-116,-17,45
7.72,-121,-12,52
7.73,-122,-11,49
7.74,-128,-13,50
7.75,-138,-11,50
7.76,-138,-10,47
7.77,-138,-10,54
7.78,-137,-12,46
7.79,-134,-12,32
7.80,-131,-5,40
7.81,-134,-6,45
7.82,-130,-5,39
7.83,-117,-5,44
7.84,-119,-17,57
7.85,-135,-20,59
7.86,-140,-9,52
7.87,-136,-5,48
7.88,-134,-7,51
7.89,-131,-12,54
7.90,-129,-16,55
7.91,-122,-13,51
7.92,-121,-6,51
7.93,-133,-5,56
7.94,-129,-8,54
7.95,-121,-9,50
7.96,-127,-12,51
7.97,-139,-16,46
7.98,-142,-18,42
7.99,-129,-21,51
8.00,-117,-13,52
8.01,-127,-2,39
8.02,-136,-4,40
8.03,-138,-16,47
8.04,-132,-19,50
8.05,-128,-10,37
8.06,-123,0,23
8.07,-122,-2,40
8.08,-126,-11,50
8.09,-128,-9,45
8.10,-127,-6,49
8.11,-132,-9,54
8.12,-137,-12,47
8.13,-129,-6,44
8.14,-131,0,47
8.15,-130,-4,55
8.16,-117,-8,67
8.17,-126,-11,52
8.18,-137,-17,39
8.19,-135,-17,50
8.20,-127,-11,50
8.21,-131,-6,39
8.22,-133,-9,34
8.23,-124,-5,32
8.24,-125,-2,33
8.25,-129,-10,45
8.26,-131,-10,51
8.27,-135,-3,37
8.28,-138,-4,42
8.29,-128,-10,53
8.30,-125,-14,49
8.31,-135,-14,38
8.32,-135,-16,42
8.33,-133,-10,48
8.34,-134,1,42
8.35,-133,-4,40
8.36,-133,-13,41
8.37,-128,-7,42
8.38,-123,-3,43
8.39,-129,-10,44
8.40,-133,-15,47
8.41,-140,-12,38
8.42,-140,-10,39
8.43,-124,-15,45
8.44,-124,-13,44
8.45,-136,-7,43
8.46,-133,-11,38
8.47,-128,-13,35
8.48,-135,-6,38
8.49,-133,-6,39
8.50,-125,-13,37
8.51,-127,-13,37
8.52,-127,-10,41
8.53,-117,-12,45
8.54,-123,-17,52
8.55,-131,-7,51
8.56,-124,-5,45
8.57,-117,-13,50
8.58,-125,-13,52
8.59,-141,-9,40
8.60,-132,-14,42
8.61,-124,-17,51
8.62,-128,-4,42
8.63,-128,0,37
8.64,-120,-8,40
8.65,-130,-10,48
8.66,-140,-5,47
8.67,-143,0,35
8.68,-143,-5,41
8.69,-138,-10,53
8.70,-132,-10,54
8.71,-129,-11,53
8.72,-136,-9,50
8.73,-134,-5,43
8.74,-123,-5,51
8.75,-121,-10,56
8.76,-133,-10,48
8.77,-144,-9,32
8.78,-144,-5,32
8.79,-134,-7,44
8.80,-119,-8,47
8.81,-117,-8,48
8.82,-124,-11,43
8.83,-129,-16,36
8.84,-133,-14,46
8.85,-144,-9,56
8.86,-137,2,48
8.87,-123,2,35
8.88,-119,-6,37
8.89,-120,-9,42
8.90,-121,-4,34
8.91,-125,-3,33
8.92,-130,-5,45
8.93,-135,-7,43
8.94,-131,-6,30
8.95,-132,-12,39
8.96,-138,-22,53
8.97,-134,-16,42
8.98,-127,-7,41
8.99,-128,-12,58
9.00,-126,-14,67
9.01,-131,-13,70
9.02,-134,-10,59
9.03,-129,-1,43
9.04,-127,-7,39
9.05,-131,-15,48
9.06,-136,-12,55
9.07,-133,-5,56
9.08,-125,0,50
9.09,-132,-8,44
9.10,-136,-16,46
9.11,-130,-12,49
9.12,-132,-4,43
9.13,-136,-2,39
9.14,-134,-7,46
9.15,-127,-3,50
9.16,-126,-8,44
9.17,-125,-14,45
9.18,-125,-11,51
9.19,-136,-7,48
9.20,-137,-10,45
9.21,-132,-16,38
9.22,-132,-15,44
9.23,-133,-12,45
9.24,-136,-14,35
9.25,-130,-16,44
9.26,-127,-10,61
9.27,-132,-11,49
9.28,-127,-14,43
9.29,-123,-8,59
9.30,-134,-1,49
9.31,-141,-5,36
9.32,-131,-13,38
9.33,-124,-17,39
9.34,-124,-15,47
9.35,-127,-10,54
9.36,-124,-10,48
9.37,-124,-13,44
9.38,-123,-13,51
9.39,-122,-10,46
9.40,-128,-9,45
9.41,-122,-7,55
9.42,-122,-11,48
9.43,-135,-20,28
9.44,-138,-13,22
9.45,-130,-9,33
9.46,-134,-13,45
9.47,-138,-10,46
9.48,-133,-12,43
9.49,-130,-14,36
9.50,-128,-11,37
9.51,-125,-8,48
9.52,-129,-6,47
9.53,-131,-11,44
9.54,-135,-17,35
9.55,-140,-13,28
9.56,-142,-5,35
9.57,-141,-5,37
9.58,-130,-11,39
9.59,-124,-11,50
9.60,-131,-9,56
9.61,-128,-10,50
9.62,-127,-12,47
9.63,-130,-13,46
9.64,-122,-13,59
9.65,-120,-8,64
9.66,-133,-7,53
9.67,-137,-11,42
9.68,-126,-14,40
9.69,-124,-11,54
9.70,-125,-5,61
9.71,-125,-8,56
9.72,-127,-8,52
9.73,-122,1,44
9.74,-119,4,43
9.75,-121,-3,53
9.76,-126,-7,49
9.77,-125,-6,37
9.78,-127,-11,37
9.79,-136,-20,45
9.80,-130,-19,40
9.81,-120,-11,30
9.82,-122,-9,37
9.83,-124,-14,51
9.84,-123,-10,51
9.85,-124,-6,35
9.86,-138,-12,41
9.87,-147,-14,51
9.88,-140,-5,37
9.89,-133,-5,35
9.90,-131,-10,53
9.91,-128,-10,48
9.92,-128,-13,34
9.93,-130,-10,34
9.94,-134,-7,31
9.95,-132,-13,35
9.96,-124,-16,50
9.97,-122,-12,52
9.98,-123,-12,44
9.99,-130,-10,55
10.00,-127,0,56
10.01,-125,-5,38
10.02,-131,-14,38
10.03,-136,-18,44
10.04,-124,-16,38
10.05,-114,-8,34
10.06,-117,-1,40
10.07,-129,-6,43
10.08,-130,-7,45
10.09,-121,-6,51
10.10,-128,-14,54
10.11,-136,-18,43
10.12,-128,-22,42
10.13,-126,-22,47
10.14,-127,-15,51
10.15,-124,-11,61
10.16,-125,-10,59
10.17,-123,-12,46
10.18,-128,-9,50
10.19,-129,-4,55
10.20,-129,-6,43
10.21,-133,-12,40
10.22,-126,-13,43
10.23,-118,-14,44
10.24,-127,-1,47
10.25,-137,8,51
10.26,-134,-4,46
10.27,-126,-10,40
10.28,-130,-9,48
10.29,-135,-5,56
10.30,-133,2,47
10.31,-137,-3,35
10.32,-141,-16,49
10.33,-139,-16,68
10.34,-137,-9,65
10.35,-137,-14,46
10.36,-131,-12,39
10.37,-128,-1,45
10.38,-130,-12,54
10.39,-131,-17,47
10.40,-131,-11,45
10.41,-131,-13,46
10.42,-134,-15,42
10.43,-135,-6,50
10.44,-128,-2,45
10.45,-128,-9,29
10.46,-127,-13,39
10.47,-126,-15,56
10.48,-138,-11,45
10.49,-139,-4,39
10.50,-125,-11,52
10.51,-121,-18,46
10.52,-127,-14,31
10.53,-134,-9,35
10.54,-135,-11,51
10.55,-130,-13,47
10.56,-130,-9,34
10.57,-126,-4,35
10.58,-123,-4,36
10.59,-128,-10,40
10.60,-124,-12,57
10.61,-117,-13,61
10.62,-112,-11,48
10.63,-116,-5,42
10.64,-126,-9,45
10.65,-128,-9,46
10.66,-128,-9,38
10.67,-131,-11,45
10.68,-127,-11,58
10.69,-127,-12,60
10.70,-134,-13,44
10.71,-132,-12,42
10.72,-130,-6,59
10.73,-134,-3,58
10.74,-129,-7,42
10.75,-129,-9,45
10.76,-139,-14,55
10.77,-146,-15,44
10.78,-138,-6,39
10.79,-129,0,43
10.80,-131,-7,52
10.81,-131,-16,62
10.82,-131,-19,50
10.83,-131,-15,41
10.84,-136,-8,50
10.85,-130,-2,47
10.86,-124,2,45
10.87,-126,-3,52
10.88,-130,-14,51
10.89,-129,-13,56
10.90,-121,-8,65
10.91,-127,-16,49
10.92,-135,-27,36
10.93,-138,-17,45
10.94,-138,-5,53
10.95,-124,-10,44
10.96,-117,-9,40
10.97,-136,-6,52
10.98,-139,-5,51
10.99,-125,-12,41
11.00,-125,-16,47
11.01,-134,-11,48
11.02,-134,-15,44
11.03,-128,-16,43
11.04,-127,-8,38
11.05,-129,-5,35
11.06,-125,-2,35
11.07,-117,-4,45
11.08,-123,-9,57
11.09,-130,-12,46
11.10,-129,-7,33
11.11,-137,4,38
11.12,-136,0,51
11.13,-122,-14,50
11.14,-127,-14,41
11.15,-132,-8,32
11.16,-124,-10,37
11.17,-121,-16,49
11.18,-124,-12,52
11.19,-126,-6,51
11.20,-129,-7,43
11.21,-127,-7,42
11.22,-124,-9,44
11.23,-134,-12,47
11.24,-141,-14,54
11.25,-131,-7,58
11.26,-115,-2,56
11.27,-121,-11,49
11.28,-130,-14,34
11.29,-130,-9,32
11.30,-137,-13,43
11.31,-135,-17,49
11.32,-129,-15,42
11.33,-128,-13,32
11.34,-129,-13,33
11.35,-135,-9,45
11.36,-133,-7,50
11.37,-126,-8,42
11.38,-133,-8,37
11.39,-139,-6,42
11.40,-143,-9,48
11.41,-139,-12,49
11.42,-134,-11,49
11.43,-123,-13,45
11.44,-124,-12,53
11.45,-134,-12,62
11.46,-127,-12,53
11.47,-126,-6,45
11.48,-133,-1,50
11.49,-136,-4,50
11.50,-141,-11,46
11.51,-142,-18,46
11.52,-134,-16,55
11.53,-126,-9,52
11.54,-129,-9,42
11.55,-127,-10,47
11.56,-120,-6,51
11.57,-124,-6,51
11.58,-135,-14,47
11.59,-135,-14,48
11.60,-130,-12,54
11.61,-132,-10,38
11.62,-133,-8,30
11.63,-128,-12,43
11.64,-125,-11,54
11.65,-133,-6,59
11.66,-136,-6,63
11.67,-132,-11,53
11.68,-135,-6,29
11.69,-140,1,36
11.70,-135,-14,59
11.71,-129,-22,52
11.72,-124,-3,43
11.73,-127,-2,50
11.74,-136,-15,52
11.75,-128,-10,42
11.76,-126,-2,48
11.77,-132,-6,50
11.78,-129,-11,43
11.79,-120,-10,53
11.80,-122,-3,54
11.81,-127,-8,38
11.82,-134,-10,38
11.83,-141,-4,48
11.84,-143,-14,49
11.85,-135,-26,52
11.86,-132,-23,52
11.87,-127,-13,48
11.88,-119,-9,48
11.89,-128,-12,47
11.90,-143,-8,37
11.91,-140,-13,42
11.92,-132,-23,62
11.93,-132,-18,58
11.94,-121,-12,43
11.95,-120,-11,42
11.96,-131,-4,44
11.97,-137,-2,37
11.98,-137,-8,34
11.99,-136,-10,37
12.00,-137,-9,41
12.01,-128,-11,38
12.02,-116,-12,44
12.03,-111,-7,45
12.04,-118,-2,35
12.05,-123,-6,38
12.06,-123,-11,57
12.07,-140,-15,53
12.08,-146,-22,45
12.09,-137,-22,57
12.10,-136,-12,56
12.11,-137,-10,43
12.12,-130,-17,37
12.13,-127,-13,44
12.14,-133,-4,46
12.15,-131,-14,37
12.16,-126,-17,34
12.17,-126,-13,46
12.18,-129,-20,52
12.19,-129,-15,44
12.20,-130,-2,40
12.21,-141,-2,41
12.22,-144,-11,51
12.23,-132,-10,58
12.24,-125,-5,56
12.25,-128,-6,43
12.26,-130,-10,34
12.27,-132,-14,45
12.28,-125,-2,64
12.29,-115,4,53
12.30,-114,-5,40
12.31,-124,-11,44
12.32,-136,-14,42
12.33,-141,-15,46
12.34,-129,-12,60
12.35,-124,-10,59
12.36,-133,-10,47
12.37,-137,-13,48
12.38,-133,-12,45
12.39,-124,-9,36
12.40,-124,-12,35
12.41,-136,-16,33
12.42,-140,-13,36
12.43,-134,-6,41
12.44,-130,-3,44
12.45,-128,-6,34
12.46,-135,-1,40
12.47,-137,-2,55
12.48,-128,-13,39
12.49,-126,-17,29
12.50,-133,-13,39
12.51,-126,-8,35
12.52,-120,-9,42
12.53,-130,-11,54
12.54,-131,-9,48
12.55,-128,-5,52
12.56,-136,-2,53
12.57,-140,-3,40
12.58,-132,-15,31
12.59,-120,-26,36
12.60,-119,-20,49
12.61,-124,-5,53
12.62,-125,-4,53
12.63,-128,-14,50
12.64,-134,-19,41
12.65,-132,-12,41
12.66,-120,-7,43
12.67,-123,-12,42
12.68,-131,-13,39
12.69,-132,-6,41
12.70,-137,-8,50
12.71,-137,-15,38
12.72,-124,-14,32
12.73,-120,-14,46
12.74,-129,-14,53
12.75,-134,-8,48
12.76,-134,-6,39
12.77,-128,-1,46
12.78,-124,-1,51
12.79,-129,-11,46
12.80,-133,-15,49
12.81,-129,-11,54
12.82,-126,-8,52
12.83,-127,-7,46
12.84,-134,-9,47
12.85,-134,-15,49
12.86,-130,-15,39
12.87,-129,-11,33
12.88,-127,-12,38
12.89,-127,-11,46
12.90,-127,-10,45
12.91,-121,-12,42
12.92,-115,-10,48
12.93,-125,-7,51
12.94,-132,-10,46
12.95,-134,-9,39
12.96,-134,-3,45
12.97,-124,-4,44
12.98,-123,-5,40
12.99,-133,-9,47
13.00,-129,-19,50
13.01,-119,-25,61
13.02,-124,-11,65
13.03,-128,5,50
13.04,-127,4,44
13.05,-124,0,45
13.06,-131,-6,47
13.07,-131,-8,43
13.08,-116,-7,47
13.09,-122,-13,49
13.10,-145,-17,46
13.11,-144,-11,47
13.12,-130,-3,50
13.13,-127,-4,50
13.14,-133,-4,48
13.15,-139,-4,50
13.16,-134,-9,51
13.17,-130,-14,43
13.18,-132,-9,44
13.19,-124,-3,54
13.20,-117,-8,46
13.21,-127,-10,39
13.22,-139,-6,45
13.23,-138,-7,49
13.24,-131,-11,31
13.25,-128,-6,20
13.26,-124,1,31
13.27,-124,-7,35
13.28,-124,-22,35
13.29,-127,-18,47
13.30,-128,-3,50
13.31,-129,-4,50
13.32,-137,-6,47
13.33,-142,-3,35
13.34,-134,-4,48
13.35,-130,-6,54
13.36,-136,-10,40
13.37,-140,-15,32
13.38,-133,-12,37
13.39,-125,-11,39
13.40,-126,-11,38
13.41,-130,-9,49
13.42,-131,-10,53
13.43,-131,-16,46
13.44,-131,-18,33
13.45,-132,-7,33
13.46,-134,0,46
13.47,-134,-8,48
13.48,-130,-16,40
13.49,-123,-11,34
13.50,-124,-11,39
13.51,-123,-15,41
13.52,-123,-16,33
13.53,-126,-16,46
13.54,-122,-7,56
13.55,-129,-10,36
13.56,-135,-13,24
13.57,-127,-3,38
13.58,-125,-9,39
13.59,-126,-20,38
13.60,-126,-5,39
13.61,-128,4,42
13.62,-129,-9,46
13.63,-122,-11,58
13.64,-131,-11,57
13.65,-143,-18,46
13.66,-131,-11,48
13.67,-125,-2,48
13.68,-134,-5,49
13.69,-135,-9,57
13.70,-131,-9,48
13.71,-135,-9,45
13.72,-136,-13,46
13.73,-132,-9,42
13.74,-123,-10,36
13.75,-118,-17,26
13.76,-127,-15,35
13.77,-137,-8,48
13.78,-135,-11,47
13.79,-131,-9,46
13.80,-128,3,44
13.81,-127,3,47
13.82,-130,-6,45
13.83,-129,-11,44
13.84,-124,-3,48
13.85,-125,-1,41
13.86,-131,-8,35
13.87,-125,-14,39
13.88,-113,-10,50
13.89,-124,-9,49
13.90,-145,-13,41
13.91,-151,-19,44
13.92,-138,-14,50
13.93,-129,-5,47
13.94,-133,-11,40
13.95,-135,-18,48
13.96,-125,-9,45
13.97,-126,1,42
13.98,-135,-3,43
13.99,-135,-10,38
14.00,-125,-12,36
14.01,-116,-14,40
14.02,-122,-12,49
14.03,-131,-7,53
14.04,-129,-15,46
14.05,-126,-18,38
14.06,-126,-3,37
14.07,-126,4,39
14.08,-126,-9,43
14.09,-126,-12,48
14.10,-121,-3,47
14.11,-120,-6,48
14.12,-127,-10,56
14.13,-129,-7,54
14.14,-120,-7,42
14.15,-117,-10,35
14.16,-127,-12,35
14.17,-137,-9,41
14.18,-138,-8,38
14.19,-131,-13,37
14.20,-130,-9,47
14.21,-132,-3,53
14.22,-129,-4,43
14.23,-124,-7,36
14.24,-132,-7,40
14.25,-140,-11,45
14.26,-130,-13,46
14.27,-125,-9,42
14.28,-124,-9,45
14.29,-119,-16,50
14.30,-125,-15,37
14.31,-135,-9,33
14.32,-130,-12,44
14.33,-128,-21,38
14.34,-130,-17,34
14.35,-134,-8,45
14.36,-135,-12,48
14.37,-136,-11,36
14.38,-135,0,28
14.39,-138,-1,41
14.40,-137,-9,49
14.41,-126,-11,46
14.42,-121,-12,44
14.43,-125,-17,42
14.44,-131,-16,32
14.45,-134,-3,33
14.46,-137,3,43
14.47,-142,-2,50
14.48,-137,-10,55
14.49,-127,-10,51
14.50,-129,-8,41
14.51,-138,-9,35
14.52,-138,-10,37
14.53,-129,-14,39
14.54,-127,-13,43
14.55,-136,-2,42
14.56,-137,3,39
14.57,-129,-2,46
14.58,-120,-15,45
14.59,-119,-22,36
14.60,-128,-13,36
14.61,-128,-5,38
14.62,-121,-15,40
14.63,-124,-20,43
14.64,-132,-14,45
14.65,-134,-10,43
14.66,-127,-6,37
14.67,-120,1,36
14.68,-126,-3,52
14.69,-129,-10,57
14.70,-128,-14,50
14.71,-128,-18,48
14.72,-124,-18,50
14.73,-122,-15,53
14.74,-130,-7,56
14.75,-129,-3,43
14.76,-118,-12,33
14.77,-127,-12,47
14.78,-144,-4,53
14.79,-139,-11,44
14.80,-121,-7,46
14.81,-121,6,54
14.82,-136,-6,50
14.83,-135,-11,41
14.84,-127,-7,44
14.85,-129,-11,44
14.86,-137,-15,42
14.87,-142,-14,51
14.88,-134,-16,49
14.89,-128,-23,38
14.90,-128,-22,40
14.91,-134,-13,49
14.92,-135,-15,46
14.93,-130,-14,39
14.94,-129,-7,41
14.95,-118,-4,44
14.96,-116,-8,39
14.97,-138,-11,43
14.98,-140,-15,47
14.99,-123,-14,47
15.00,-121,-8,39
15.01,-138,-3,36
15.02,-140,-5,43
15.03,-132,-9,42
15.04,-134,-8,47
15.05,-139,-7,53
15.06,-140,-8,52
15.07,-145,-7,47
15.08,-141,-13,46
15.09,-134,-16,55
15.10,-130,-17,58
15.11,-122,-17,42
15.12,-122,-11,31
15.13,-131,-8,41
15.14,-131,-13,52
15.15,-127,-14,46
15.16,-123,-10,40
15.17,-128,-16,37
15.18,-131,-15,37
15.19,-127,-4,38
15.20,-126,-6,47
15.21,-134,-12,50
15.22,-130,-7,47
15.23,-119,-8,48
15.24,-123,-11,47
15.25,-131,-12,44
15.26,-122,-7,39
15.27,-122,-10,39
15.28,-135,-17,40
15.29,-133,-7,45
15.30,-129,-3,45
15.31,-132,-9,44
15.32,-122,-5,43
15.33,-116,-1,40
15.34,-127,-9,41
15.35,-142,-14,42
15.36,-139,-6,38
15.37,-129,-11,38
15.38,-132,-21,47
15.39,-134,-17,55
15.40,-127,-9,48
15.41,-125,-7,45
15.42,-129,-9,45
15.43,-123,-2,35
15.44,-115,-2,25
15.45,-121,-16,39
15.46,-130,-20,51
15.47,-129,-13,54
15.48,-120,-8,44
15.49,-114,-8,41
15.50,-123,-13,56
15.51,-134,-10,46
15.52,-137,-11,33
15.53,-138,-20,40
15.54,-140,-20,42
15.55,-140,-16,37
15.56,-130,-3,44
15.57,-123,-2,48
15.58,-125,-17,43
15.59,-123,-17,50
15.60,-116,-9,50
15.61,-119,-8,37
15.62,-120,-14,34
15.63,-128,-11,37
15.64,-143,-4,41
15.65,-139,-7,34
15.66,-131,-7,29
15.67,-132,-4,29
15.68,-134,-9,34
15.69,-132,-12,42
15.70,-128,-7,51
15.71,-129,-7,50
15.72,-127,-13,41
15.73,-114,-14,43
15.74,-117,-9,44
15.75,-131,-3,42
15.76,-130,-5,44
15.77,-122,-12,45
15.78,-128,-16,54
15.79,-122,-11,51
15.80,-107,-7,39
15.81,-119,-10,43
15.82,-133,-17,54
15.83,-123,-12,50
15.84,-118,-6,35
15.85,-125,-16,40
15.86,-130,-23,53
15.87,-137,-13,46
15.88,-141,-5,38
15.89,-135,-8,43
15.90,-130,-13,50
15.91,-135,-8,49
15.92,-135,-5,47
15.93,-126,-9,52
15.94,-120,-15,44
15.95,-122,-21,48
15.96,-126,-18,59
15.97,-129,-13,53
15.98,-125,-12,38
15.99,-122,-9,40
16.00,-134,-5,45
16.01,-135,-6,39
16.02,-121,-14,33
16.03,-124,-15,33
16.04,-135,-9,41
16.05,-136,-5,55
16.06,-135,-3,60
16.07,-131,-4,51
16.08,-120,-11,47
16.09,-123,-16,44
16.10,-131,-16,35
16.11,-131,-10,36
16.12,-136,-6,41
16.13,-133,-8,41
16.14,-127,-2,40
16.15,-128,-8,40
16.16,-131,-25,40
16.17,-126,-20,44
16.18,-120,-10,51
16.19,-130,-15,52
16.20,-133,-20,41
16.21,-131,-5,39
16.22,-129,-5,48
16.23,-125,-18,55
16.24,-126,-9,53
16.25,-133,-4,45
16.26,-133,-11,48
16.27,-125,-13,53
16.28,-122,-10,41
16.29,-135,-11,31
16.30,-144,-15,38
16.31,-134,-12,42
16.32,-129,-9,38
16.33,-127,-12,40
16.34,-125,-12,44
16.35,-131,-5,38
16.36,-138,-7,41
16.37,-135,-14,39
16.38,-132,-11,29
16.39,-131,-7,33
16.40,-134,-8,46
16.41,-141,-8,45
16.42,-143,-7,42
16.43,-142,-3,44
16.44,-134,-8,36
16.45,-119,-17,38
16.46,-117,-14,59
16.47,-131,-4,56
16.48,-128,-7,31
16.49,-120,-17,32
16.50,-131,-18,51
16.51,-142,-12,59
16.52,-129,-5,55
16.53,-121,-11,41
16.54,-124,-18,39
16.55,-127,-14,42
16.56,-128,-13,39
16.57,-132,-13,35
16.58,-137,-10,41
16.59,-138,-11,51
16.60,-132,-8,42
16.61,-127,-10,33
16.62,-127,-11,37
16.63,-130,-9,38
16.64,-129,-13,30
16.65,-129,-18,37
16.66,-136,-14,37
16.67,-139,-11,39
16.68,-130,-3,46
16.69,-131,-6,38
16.70,-129,-17,40
16.71,-128,-12,42
16.72,-133,-3,32
16.73,-127,-6,37
16.74,-119,-9,47
16.75,-125,-10,51
16.76,-127,-12,47
16.77,-124,-8,41
16.78,-127,-3,35
16.79,-125,-9,47
16.80,-124,-20,59
16.81,-134,-21,45
16.82,-134,-13,34
16.83,-135,-12,43
16.84,-133,-3,55
16.85,-124,-3,43
16.86,-125,-10,38
16.87,-119,-13,52
16.88,-113,-9,54
16.89,-122,-5,48
16.90,-125,-5,49
16.91,-131,-7,44
16.92,-143,-11,41
16.93,-138,-12,45
16.94,-132,-16,39
16.95,-136,-14,46
16.96,-133,-6,58
16.97,-131,-5,44
16.98,-133,-9,28
16.99,-132,-8,36
17.00,-123,-10,44
17.01,-125,-14,44
17.02,-136,-13,46
17.03,-138,-8,37
17.04,-133,-10,38
17.05,-136,-15,49
17.06,-133,-15,54
17.07,-121,-11,52
17.08,-115,-6,51
17.09,-129,-2,47
17.10,-137,-5,45
17.11,-131,-13,52
17.12,-126,-11,52
17.13,-132,-8,43
17.14,-137,-20,40
17.15,-132,-17,42
17.16,-129,-8,44
17.17,-129,-13,44
17.18,-132,-15,43
17.19,-141,-8,47
17.20,-141,-6,45
17.21,-131,-7,34
17.22,-127,-6,38
17.23,-129,-6,48
17.24,-131,-2,50
17.25,-136,-7,53
17.26,-136,-15,46
17.27,-128,-11,46
17.28,-122,1,43
17.29,-130,-1,36
17.30,-137,-14,34
17.31,-134,-15,52
17.32,-133,-8,64
17.33,-133,-11,50
17.34,-126,-5,26
17.35,-126,-2,33
17.36,-129,-9,56
17.37,-128,-10,57
17.38,-129,-11,40
17.39,-130,-12,31
17.40,-133,-8,40
17.41,-133,-3,53
17.42,-133,-1,43
17.43,-136,-4,33
17.44,-130,-13,39
17.45,-123,-12,31
17.46,-130,-6,32
17.47,-130,-11,50
17.48,-129,-12,55
17.49,-136,-5,44
17.50,-133,-6,38
17.51,-128,-9,39
17.52,-125,-5,50
17.53,-118,-14,56
17.54,-124,-19,45
17.55,-137,-9,35
17.56,-135,-3,35
17.57,-124,-7,46
17.58,-119,-12,48
17.59,-130,-14,42
17.60,-135,-13,41
17.61,-125,-8,37
17.62,-119,2,30
17.63,-121,1,32
17.64,-126,-12,48
17.65,-128,-16,58
17.66,-121,-11,57
17.67,-124,-3,47
17.68,-136,-1,41
17.69,-139,-10,54
17.70,-134,-13,63
17.71,-134,-8,62
17.72,-136,-7,50
17.73,-131,-18,39
17.74,-133,-22,40
17.75,-137,-10,46
17.76,-131,-9,48
17.77,-129,-12,46
17.78,-131,-6,44
17.79,-131,-5,42
17.80,-138,-8,45
17.81,-132,-12,34
17.82,-129,-19,26
17.83,-143,-20,41
17.84,-137,-15,45
17.85,-122,-9,35
17.86,-122,-11,37
17.87,-127,-14,49
17.88,-127,-13,50
17.89,-126,-13,38
17.90,-125,-12,44
17.91,-121,-6,62
17.92,-126,-5,64
17.93,-139,-19,50
17.94,-135,-21,36
17.95,-136,-11,33
17.96,-145,-6,31
17.97,-135,-6,32
17.98,-122,-3,41
17.99,-130,-5,43
18.00,-138,-11,35
18.01,-134,-11,36
18.02,-128,-15,45
18.03,-130,-20,44
18.04,-141,-18,36
18.05,-136,-14,44
18.06,-113,-5,47
18.07,-109,-1,42
18.08,-118,-6,55
18.09,-128,-12,62
18.10,-132,-11,43
18.11,-131,-10,26
18.12,-124,-7,31
18.13,-121,-4,49
18.14,-129,-8,52
18.15,-133,-10,42
18.16,-129,-10,35
18.17,-124,-14,41
18.18,-124,-5,49
18.19,-133,4,51
18.20,-134,-5,55
18.21,-127,-16,51
18.22,-125,-19,31
18.23,-124,-18,24
18.24,-123,-18,41
18.25,-125,-14,50
18.26,-124,-10,37
18.27,-124,-9,31
18.28,-132,-9,43
18.29,-130,-12,46
18.30,-120,-16,45
18.31,-126,-12,44
18.32,-136,-6,39
18.33,-143,-5,32
18.34,-140,-1,33
18.35,-128,-9,38
18.36,-129,-16,36
18.37,-139,-19,30
18.38,-132,-12,37
18.39,-120,-3,42
18.40,-120,-11,47
18.41,-134,-17,43
18.42,-145,-16,30
18.43,-137,-13,39
18.44,-127,-8,55
18.45,-128,-4,54
18.46,-132,-4,52
18.47,-129,-12,46
18.48,-125,-11,41
18.49,-126,-8,45
18.50,-123,-11,46
18.51,-127,-8,49
18.52,-134,-7,49
18.53,-133,-8,46
18.54,-133,-8,32
18.55,-129,-7,25
18.56,-127,-11,43
18.57,-125,-13,49
18.58,-124,-11,39
18.59,-132,-8,39
18.60,-130,-6,49
18.61,-124,-9,53
18.62,-125,-15,50
18.63,-129,-11,52
18.64,-134,-9,55
18.65,-136,-6,42
18.66,-130,-1,35
18.67,-121,-2,43
18.68,-118,-16,45
18.69,-128,-17,40
18.70,-139,-7,29
18.71,-141,-8,31
18.72,-130,-7,38
18.73,-124,2,44
18.74,-133,-5,49
18.75,-134,-13,42
18.76,-129,-8,35
18.77,-131,-5,47
18.78,-123,-11,46
18.79,-119,-9,28
18.80,-134,-10,41
18.81,-140,-15,63
18.82,-137,-6,60
18.83,-135,-1,46
18.84,-130,-3,36
18.85,-127,-9,33
18.86,-130,-12,35
18.87,-133,-14,39
18.88,-127,-20,50
18.89,-122,-15,56
18.90,-126,-8,50
18.91,-135,-10,42
18.92,-145,-10,44
18.93,-136,-4,49
18.94,-117,-7,49
18.95,-121,-11,37
18.96,-136,-12,30
18.97,-136,-13,34
18.98,-136,-11,44
18.99,-138,-11,52
19.00,-136,-12,48
19.01,-135,-12,47
19.02,-139,-11,55
19.03,-140,-16,48
19.04,-136,-10,41
19.05,-133,-5,51
19.06,-126,-5,57
19.07,-124,-5,51
19.08,-127,-9,45
19.09,-131,-17,50
19.10,-129,-11,57
19.11,-124,-10,40
19.12,-128,-15,31
19.13,-131,-11,49
19.14,-123,-6,55
19.15,-124,-8,46
19.16,-123,-7,34
19.17,-124,-8,36
19.18,-126,-11,47
19.19,-126,-10,50
19.20,-132,-4,44
19.21,-139,4,46
19.22,-134,-2,52
19.23,-131,-9,49
19.24,-129,-10,48
19.25,-127,-12,41
19.26,-128,-10,37
19.27,-130,-3,38
19.28,-125,-8,34
19.29,-129,-8,36
19.30,-134,-8,44
19.31,-123,-16,48
19.32,-130,-14,40
19.33,-144,-4,32
19.34,-130,-3,44
19.35,-118,-9,48
19.36,-126,-17,40
19.37,-125,-20,43
19.38,-122,-19,48
19.39,-132,-25,43
19.40,-136,-24,44
19.41,-133,-13,47
19.42,-131,-6,41
19.43,-125,-7,35
19.44,-122,-10,35
19.45,-128,-15,38
19.46,-133,-15,47
19.47,-129,-14,50
19.48,-120,-13,50
19.49,-124,-10,50
19.50,-132,-9,41
19.51,-142,-16,35
19.52,-143,-13,38
19.53,-137,-5,38
19.54,-138,-10,42
19.55,-134,-17,47
19.56,-123,-12,45
19.57,-122,-4,55
19.58,-130,-4,58
19.59,-132,-4,45
19.60,-129,-7,37
19.61,-129,-13,35
19.62,-123,-13,34
19.63,-122,-19,38
19.64,-130,-17,38
19.65,-131,-10,38
19.66,-124,-11,40
19.67,-129,-12,45
19.68,-133,-8,48
19.69,-126,-8,38
19.70,-126,-8,30
19.71,-126,-11,32
19.72,-130,-11,39
19.73,-132,-13,50
19.74,-132,-10,54
19.75,-130,-2,43
19.76,-123,-7,46
19.77,-127,-14,55
19.78,-130,-6,55
19.79,-133,0,49
19.80,-137,-2,39
19.81,-134,-8,37
19.82,-125,-17,39
19.83,-127,-20,41
19.84,-134,-12,40
19.85,-130,-9,45
19.86,-133,-16,45
19.87,-143,-18,34
19.88,-141,-14,38
19.89,-128,-11,52
19.90,-121,-11,54
19.91,-124,-12,54
19.92,-132,-9,50
19.93,-136,-14,34
19.94,-128,-18,29
19.95,-126,-7,45
19.96,-134,-1,41
19.97,-136,-7,43
19.98,-126,-10,49
19.99,-126,-5,49
20.00,-135,-6,59
20.01,-138,-15,63
20.02,-130,-15,50
20.03,-121,-8,43
20.04,-123,-4,46
20.05,-127,-7,43
20.06,-124,-9,43
20.07,-126,-9,49
20.08,-137,-14,51
20.09,-140,-22,43
20.10,-135,-14,37
20.11,-126,-8,41
20.12,-124,-12,44
20.13,-129,-6,53
20.14,-137,-1,64
20.15,-146,-7,58
20.16,-147,-8,49
20.17,-134,-4,53
20.18,-128,-7,43
20.19,-132,-10,41
20.20,-133,-6,55
20.21,-131,-12,59
20.22,-128,-16,44
20.23,-130,-12,34
20.24,-131,-3,42
20.25,-118,-6,50
20.26,-111,-17,47
20.27,-120,-20,45
20.28,-130,-16,42
20.29,-137,-8,38
20.30,-140,-8,37
20.31,-141,-13,39
20.32,-135,-9,45
20.33,-134,-11,45
20.34,-137,-11,53
20.35,-132,-7,56
20.36,-124,-9,50
20.37,-137,-10,43
20.38,-145,-5,46
20.39,-130,-3,53
20.40,-127,-9,49
20.41,-133,-15,42
20.42,-127,-19,47
20.43,-124,-18,53
20.44,-128,-14,49
20.45,-130,-13,50
20.46,-132,-12,56
20.47,-129,-1,44
20.48,-127,0,34
20.49,-122,-12,42
20.50,-129,-19,47
20.51,-142,-13,38
20.52,-138,-3,35
20.53,-126,1,38
20.54,-121,-7,37
20.55,-129,-13,44
20.56,-136,-8,44
20.57,-137,-8,38
20.58,-136,-13,35
20.59,-125,-12,37
20.60,-119,-10,54
20.61,-133,-10,54
20.62,-141,-9,40
20.63,-135,-7,44
20.64,-128,-12,43
20.65,-125,-20,40
20.66,-124,-18,41
20.67,-130,-12,44
20.68,-131,-7,54
20.69,-126,-4,57
20.70,-127,-14,48
20.71,-127,-18,39
20.72,-129,-6,47
20.73,-132,5,45
20.74,-127,-2,36
20.75,-129,-14,38
20.76,-128,-16,45
20.77,-127,-8,53
20.78,-128,-7,51
20.79,-122,-11,45
20.80,-121,-13,44
20.81,-129,-13,42
20.82,-135,-13,52
20.83,-132,-13,56
20.84,-126,-7,41
20.85,-133,0,38
20.86,-137,-12,42
20.87,-132,-22,44
20.88,-129,-14,53
20.89,-119,-7,52
20.90,-116,-8,46
20.91,-126,-15,49
20.92,-132,-18,48
20.93,-134,-5,42
20.94,-136,2,44
20.95,-139,-2,43
20.96,-132,-7,40
20.97,-125,-11,42
20.98,-132,-15,41
20.99,-139,-9,38
21.00,-133,-5,44
21.01,-128,-9,44
21.02,-134,-13,44
21.03,-133,-16,55
21.04,-134,-18,49
21.05,-135,-13,47
21.06,-129,-11,56
21.07,-130,-19,57
21.08,-130,-22,50
21.09,-124,-8,48
21.10,-120,-4,48
21.11,-122,-18,49
21.12,-121,-21,43
21.13,-129,-13,41
21.14,-133,-9,48
21.15,-125,-16,48
21.16,-132,-15,49
21.17,-142,-9,48
21.18,-139,-13,45
21.19,-131,-19,41
21.20,-118,-11,39
21.21,-119,-2,45
21.22,-130,-4,42
21.23,-134,-11,34
21.24,-136,-15,41
21.25,-135,-16,43
21.26,-136,-7,27
21.27,-131,-6,29
21.28,-132,-10,38
21.29,-142,-1,42
21.30,-141,-1,53
21.31,-133,-12,59
21.32,-126,-14,45
21.33,-129,-13,46
21.34,-135,-15,55
21.35,-131,-13,55
21.36,-133,-7,48
21.37,-133,1,39
21.38,-119,-5,47
21.39,-120,-11,53
21.40,-131,-16,47
21.41,-131,-12,48
21.42,-122,-4,48
21.43,-122,-6,40
21.44,-126,-9,39
21.45,-122,-15,43
21.46,-124,-15,46
21.47,-136,-6,49
21.48,-136,-12,52
21.49,-126,-17,41
21.50,-121,-10,36
21.51,-127,-16,42
21.52,-127,-23,49
21.53,-124,-16,45
21.54,-123,-8,30
21.55,-127,-12,22
21.56,-127,-10,39
21.57,-127,-2,43
21.58,-128,-6,39
21.59,-129,-10,50
21.60,-135,-10,52
21.61,-147,-11,36
21.62,-147,-4,41
21.63,-131,-4,50
21.64,-129,-11,39
21.65,-129,-16,36
21.66,-128,-13,55
21.67,-128,-10,63
21.68,-123,-14,50
21.69,-123,-13,44
21.70,-127,-12,46
21.71,-131,-16,45
21.72,-128,-17,41
21.73,-125,-12,38
21.74,-133,-10,51
21.75,-135,-13,57
21.76,-128,-10,52
21.77,-134,-5,41
21.78,-141,-8,43
21.79,-129,-9,46
21.80,-119,-7,38
21.81,-122,-3,43
21.82,-130,-12,54
21.83,-126,-18,48
21.84,-122,-14,44
21.85,-130,-4,44
21.86,-136,0,39
21.87,-140,-9,42
21.88,-133,-18,49
21.89,-123,-18,50
21.90,-119,-11,52
21.91,-119,-4,52
21.92,-126,-10,46
21.93,-134,-20,42
21.94,-133,-15,42
21.95,-129,-10,50
21.96,-131,-13,50
21.97,-136,-16,51
21.98,-132,-16,59
21.99,-128,-14,61
22.00,-130,-9,46
22.01,-128,-1,28
22.02,-124,-8,47
22.03,-131,-19,64
22.04,-137,-10,38
22.05,-129,-1,42
22.06,-128,-12,59
22.07,-133,-20,40
22.08,-132,-11,30
22.09,-128,-7,50
22.10,-126,-11,44
22.11,-126,-5,35
22.12,-128,-4,47
22.13,-125,-15,45
22.14,-121,-18,43
22.15,-118,-9,40
22.16,-120,-5,29
22.17,-129,-9,37
22.18,-135,-8,45
22.19,-127,-7,41
22.20,-127,-7,38
22.21,-140,-6,38
22.22,-137,-12,40
22.23,-129,-16,37
22.24,-129,-16,32
22.25,-128,-11,36
22.26,-132,-9,44
22.27,-129,-7,45
22.28,-119,-8,45
22.29,-123,-11,50
22.30,-132,-7,48
22.31,-129,-7,44
22.32,-127,-6,46
22.33,-126,-3,46
22.34,-125,-10,45
22.35,-125,-11,35
22.36,-132,-4,37
22.37,-133,-3,52
22.38,-130,-4,51
22.39,-129,-6,45
22.40,-127,-7,47
22.41,-126,-5,39
22.42,-132,-10,39
22.43,-137,-15,48
22.44,-133,-11,53
22.45,-122,-7,42
22.46,-117,-11,38
22.47,-124,-14,39
22.48,-128,-1,40
22.49,-124,4,40
22.50,-130,-9,33
22.51,-134,-16,40
22.52,-127,-9,53
22.53,-124,-10,53
22.54,-129,-14,49
22.55,-135,-10,56
22.56,-133,-9,63
22.57,-133,-9,58
22.58,-134,-9,43
22.59,-131,-12,43
22.60,-132,-9,49
22.61,-132,-3,52
22.62,-135,-2,42
22.63,-139,-8,32
22.64,-134,-7,43
22.65,-123,-3,50
22.66,-124,-10,40
22.67,-130,-7,36
22.68,-131,6,41
22.69,-133,1,44
22.70,-124,-9,47
22.71,-121,-19,48
22.72,-124,-19,44
22.73,-128,-8,41
22.74,-128,-6,42
22.75,-138,-11,39
22.76,-140,-6,36
22.77,-132,-5,38
22.78,-130,-11,45
22.79,-130,-10,47
22.80,-131,-6,43
22.81,-127,-10,36
22.82,-113,-18,49
22.83,-120,-16,55
22.84,-130,-6,42
22.85,-123,-4,39
22.86,-122,-7,42
22.87,-131,-8,44
22.88,-138,-9,44
22.89,-137,-10,46
22.90,-128,-12,49
22.91,-118,-11,42
22.92,-125,-7,22
22.93,-131,-8,30
22.94,-131,-8,48
22.95,-134,-13,47
22.96,-132,-15,42
22.97,-129,-7,44
22.98,-131,-9,45
22.99,-137,-14,45
23.00,-124,-10,40
23.01,-118,-11,38
23.02,-131,-17,42
23.03,-137,-14,43
23.04,-132,-13,45
23.05,-129,-13,51
23.06,-122,-5,40
23.07,-124,-8,35
23.08,-133,-20,55
23.09,-129,-22,53
23.10,-122,-8,40
23.11,-130,-7,43
23.12,-133,-12,49
23.13,-133,-1,53
23.14,-136,6,51
23.15,-128,-12,45
23.16,-120,-15,44
23.17,-119,-2,44
23.18,-125,-1,36
23.19,-131,-9,36
23.20,-134,-11,48
23.21,-133,-5,50
23.22,-133,-2,43
23.23,-137,-4,41
23.24,-139,-4,49
23.25,-145,4,43
23.26,-146,7,41
23.27,-141,-11,50
23.28,-131,-17,43
23.29,-118,-7,40
23.30,-116,-6,47
23.31,-128,-10,50
23.32,-139,-6,49
23.33,-131,-2,38
23.34,-119,-1,35
23.35,-122,-7,44
23.36,-128,-11,40
23.37,-123,-9,42
23.38,-124,-9,47
23.39,-134,-10,48
23.40,-139,-13,49
23.41,-129,-18,49
23.42,-129,-12,46
23.43,-125,-8,53
23.44,-120,-7,58
23.45,-127,-4,49
23.46,-130,-10,42
23.47,-130,-20,40
23.48,-132,-12,49
23.49,-126,-5,49
23.50,-128,-7,32
23.51,-142,-10,36
23.52,-136,-12,46
23.53,-127,-4,40
23.54,-123,4,35
23.55,-121,-1,37
23.56,-121,-16,43
23.57,-124,-18,53
23.58,-128,-4,48
23.59,-127,-2,39
23.60,-122,-6,40
23.61,-124,-6,47
23.62,-125,-14,52
23.63,-124,-8,43
23.64,-121,4,44
23.65,-127,-5,50
23.66,-138,-10,52
23.67,-135,-5,46
23.68,-123,-5,34
23.69,-122,-7,39
23.70,-123,-4,48
23.71,-113,-6,52
23.72,-114,-14,49
23.73,-123,-12,45
23.74,-129,-9,40
23.75,-132,-12,39
23.76,-129,-16,46
23.77,-131,-21,42
23.78,-136,-19,43
23.79,-136,-9,52
23.80,-132,-6,46
23.81,-132,-4,28
23.82,-129,-10,26
23.83,-123,-12,44
23.84,-130,-6,53
23.85,-133,-10,44
23.86,-124,-16,48
23.87,-132,-9,52
23.88,-146,-1,38
23.89,-145,-8,34
23.90,-133,-12,43
23.91,-123,-6,46
23.92,-124,-4,45
23.93,-124,-6,42
23.94,-118,-5,38
23.95,-119,-4,40
23.96,-137,-14,51
23.97,-141,-15,57
23.98,-129,-5,45
23.99,-126,-3,47
24.00,-127,-16,58
24.01,-130,-19,49
24.02,-128,-12,37
24.03,-127,-12,40
24.04,-130,-15,44
24.05,-129,-7,37
24.06,-122,8,44
24.07,-134,-1,54
24.08,-141,-12,47
24.09,-126,-13,45
24.10,-118,-10,56
24.11,-128,-12,49
24.12,-129,-12,38
24.13,-130,-10,43
24.14,-133,-1,46
24.15,-122,4,40
24.16,-122,-8,40
24.17,-132,-16,50
24.18,-136,-13,54
24.19,-125,-10,44
24.20,-126,-4,47
24.21,-132,-11,46
24.22,-140,-20,31
24.23,-142,-12,31
24.24,-132,-4,38
24.25,-136,-10,42
24.26,-134,-18,42
24.27,-117,-11,40
24.28,-118,-4,49
24.29,-133,-6,55
24.30,-137,-6,40
24.31,-128,0,39
24.32,-126,-6,47
24.33,-128,-8,43
24.34,-125,-1,42
24.35,-130,-9,47
24.36,-139,-16,46
24.37,-139,-11,43
24.38,-134,-3,51
24.39,-127,1,57
24.40,-131,-2,54
24.41,-131,-9,48
24.42,-134,-13,38
24.43,-133,-12,40
24.44,-125,-8,51
24.45,-124,-12,46
24.46,-135,-16,45
24.47,-133,-11,51
24.48,-131,-6,42
24.49,-128,-6,49
24.50,-125,-14,63
24.51,-125,-17,53
24.52,-125,-13,42
24.53,-137,-15,41
24.54,-135,-13,29
24.55,-123,-10,29
24.56,-122,-11,51
24.57,-130,-14,58
24.58,-139,-10,51
24.59,-131,-2,48
24.60,-124,2,43
24.61,-130,-4,36
24.62,-130,-8,38
24.63,-126,-10,37
24.64,-129,-17,39
24.65,-132,-17,40
24.66,-128,-10,46
24.67,-133,-10,46
24.68,-135,-7,39
24.69,-129,-7,43
24.70,-132,-10,43
24.71,-130,-12,36
24.72,-111,-9,39
24.73,-119,-10,44
24.74,-137,-10,43
24.75,-137,-8,53
24.76,-131,-11,50
24.77,-124,-12,42
24.78,-122,-10,47
24.79,-129,-10,48
24.80,-130,-3,49
24.81,-128,-8,48
24.82,-133,-17,43
24.83,-126,-13,48
24.84,-119,-10,46
24.85,-125,-9,33
24.86,-132,-8,40
24.87,-128,-6,56
24.88,-130,-6,57
24.89,-135,-10,49
24.90,-129,-10,44
24.91,-121,-5,39
24.92,-129,-3,38
24.93,-132,-8,41
24.94,-122,-14,41
24.95,-123,-11,44
24.96,-126,-3,50
24.97,-118,1,51
24.98,-123,-9,48
24.99,-133,-16,35
25.00,-131,-12,36
25.01,-133,-10,54
25.02,-139,-12,50
25.03,-138,-12,36
25.04,-133,-2,42
25.05,-126,2,53
25.06,-127,-11,47
25.07,-133,-19,48
25.08,-129,-15,56
25.09,-131,-11,55
25.10,-131,-5,47
25.11,-121,1,39
25.12,-125,-4,38
25.13,-129,-15,41
25.14,-126,-9,38
25.15,-139,-3,41
25.16,-147,-6,56
25.17,-132,-14,57
25.18,-124,-14,51
25.19,-133,-13,55
25.20,-131,-17,52
25.21,-128,-15,44
25.22,-131,-3,47
25.23,-131,-4,51
25.24,-136,-10,54
25.25,-142,0,53
25.26,-136,10,45
25.27,-136,-2,40
25.28,-139,-10,40
25.29,-141,-5,40
25.30,-135,-7,38
25.31,-135,-3,39
25.32,-143,3,37
25.33,-142,-6,38
25.34,-131,-10,53
25.35,-126,-7,62
25.36,-130,-15,59
25.37,-140,-17,46
25.38,-132,-9,35
25.39,-121,-15,37
25.40,-124,-21,42
25.41,-133,-11,42
25.42,-134,-9,43
25.43,-124,-17,44
25.44,-122,-16,44
25.45,-128,-14,49
25.46,-130,-14,52
25.47,-134,-16,45
25.48,-134,-4,54
25.49,-129,-4,64
25.50,-127,-15,56
25.51,-132,-5,44
25.52,-128,4,35
25.53,-127,-9,34
25.54,-129,-12,32
25.55,-130,-10,33
25.56,-133,-6,42
25.57,-130,0,43
25.58,-133,-5,41
25.59,-138,-9,50
25.60,-133,-5,51
25.61,-129,-8,46
25.62,-122,-14,44
25.63,-115,-13,35
25.64,-132,-6,38
25.65,-144,-3,48
25.66,-134,-12,45
25.67,-123,-20,44
25.68,-124,-15,50
25.69,-132,-11,45
25.70,-136,-10,32
25.71,-125,-9,38
25.72,-123,-13,46
25.73,-137,-12,35
25.74,-137,-5,29
25.75,-124,-4,38
25.76,-128,0,41
25.77,-141,-1,42
25.78,-138,-7,40
25.79,-133,-11,40
25.80,-131,-11,39
25.81,-129,-12,38
25.82,-126,-12,40
25.83,-133,-6,49
25.84,-135,-4,48
25.85,-127,-6,43
25.86,-127,-4,46
25.87,-132,-6,40
25.88,-130,-9,41
25.89,-125,-10,48
25.90,-129,-8,45
25.91,-136,-4,42
25.92,-136,-11,43
25.93,-124,-9,39
25.94,-117,-2,42
25.95,-123,-3,51
25.96,-140,-3,47
25.97,-145,-3,44
25.98,-132,-7,59
25.99,-121,-14,65
26.00,-129,-12,53
26.01,-139,-11,50
26.02,-128,-14,54
26.03,-116,-8,45
26.04,-123,-5,37
26.05,-121,-12,33
26.06,-113,-16,33
26.07,-124,-15,50
26.08,-133,-14,56
26.09,-129,-12,43
26.10,-136,-7,32
26.11,-137,3,31
26.12,-126,3,38
26.13,-132,-4,43
26.14,-142,-8,47
26.15,-134,-5,46
26.16,-125,-4,43
26.17,-127,-5,49
26.18,-131,-6,46
26.19,-122,-7,41
26.20,-122,-6,50
26.21,-135,-8,56
26.22,-132,-10,40
26.23,-126,-10,36
26.24,-129,-12,58
26.25,-126,-13,63
26.26,-126,-12,49
26.27,-132,-8,38
26.28,-132,-11,34
26.29,-135,-16,46
26.30,-131,-9,50
26.31,-123,-11,50
26.32,-125,-15,59
26.33,-133,-8,58
26.34,-136,-8,54
26.35,-128,-11,45
26.36,-125,-9,43
26.37,-135,-8,53
26.38,-132,-13,53
26.39,-120,-15,49
26.40,-122,-11,45
26.41,-130,-5,46
26.42,-131,-2,43
26.43,-126,-4,42
26.44,-120,-9,40
26.45,-119,-12,38
26.46,-124,-16,47
26.47,-129,-17,48
26.48,-134,-15,47
26.49,-132,-2,49
26.50,-127,2,47
26.51,-129,-13,40
26.52,-132,-19,43
26.53,-135,-11,46
26.54,-125,-8,41
26.55,-116,-11,46
26.56,-126,-15,58
26.57,-138,-12,50
26.58,-137,-11,35
26.59,-136,-13,41
26.60,-136,-8,57
26.61,-133,0,60
26.62,-127,-3,51
26.63,-120,-9,38
26.64,-118,-9,36
26.65,-127,-12,47
26.66,-135,-22,49
26.67,-132,-20,35
26.68,-130,-8,36
26.69,-127,-3,40
26.70,-126,-4,28
26.71,-132,-14,22
26.72,-137,-20,33
26.73,-135,-14,47
26.74,-130,-6,58
26.75,-131,-4,52
26.76,-129,-10,39
26.77,-123,-4,42
26.78,-128,0,57
26.79,-135,-13,54
26.80,-130,-12,37
26.81,-126,-3,28
26.82,-135,-8,32
26.83,-131,-20,42
26.84,-125,-19,47
26.85,-131,-9,51
26.86,-127,-3,49
26.87,-128,-9,51
26.88,-139,-16,49
26.89,-137,-17,32
26.90,-128,-14,27
26.91,-131,-4,43
26.92,-130,2,48
26.93,-119,-8,42
26.94,-126,-12,38
26.95,-139,-7,48
26.96,-144,-8,57
26.97,-137,-10,45
26.98,-130,-7,40
26.99,-133,-8,41
27.00,-131,-9,47
27.01,-126,-12,52
27.02,-124,-16,46
27.03,-125,-13,51
27.04,-123,-1,59
27.05,-128,4,60
27.06,-136,-2,48
27.07,-131,-3,34
27.08,-121,2,41
27.09,-121,-7,51
27.10,-127,-17,46
27.11,-127,-15,42
27.12,-122,-9,59
27.13,-116,-9,62
27.14,-121,-8,41
27.15,-140,-5,25
27.16,-141,-8,35
27.17,-123,-18,42
27.18,-125,-15,35
27.19,-133,-3,42
27.20,-129,-5,53
27.21,-129,-15,60
27.22,-135,-17,52
27.23,-141,-17,33
27.24,-135,-17,27
27.25,-121,-5,34
27.26,-125,0,40
27.27,-140,-11,47
27.28,-141,-11,46
27.29,-131,-4,44
27.30,-127,-4,54
27.31,-130,-4,55
27.32,-136,-4,43
27.33,-141,-11,43
27.34,-141,-12,48
27.35,-135,-10,43
27.36,-129,-15,47
27.37,-130,-21,52
27.38,-130,-19,48
27.39,-129,-18,47
27.40,-126,-16,41
27.41,-125,-8,47
27.42,-131,-1,56
27.43,-127,-6,47
27.44,-120,-9,46
27.45,-126,-7,52
27.46,-136,-8,46
27.47,-129,-14,38
27.48,-128,-7,35
27.49,-137,-3,42
27.50,-135,-9,64
27.51,-122,-7,63
27.52,-116,-5,46
27.53,-123,-8,41
27.54,-130,-16,45
27.55,-130,-17,40
27.56,-130,-15,41
27.57,-136,-8,50
27.58,-135,-6,46
27.59,-125,-10,44
27.60,-122,-6,44
27.61,-129,-6,41
27.62,-129,-9,45
27.63,-126,-5,43
27.64,-131,-1,49
27.65,-134,-4,63
27.66,-136,-1,54
27.67,-128,2,33
27.68,-123,2,45
27.69,-126,-5,62
27.70,-130,-13,56
27.71,-137,-7,47
27.72,-136,5,45
27.73,-132,-1,43
27.74,-129,-16,57
27.75,-129,-13,62
27.76,-130,-14,47
27.77,-136,-19,35
27.78,-137,-10,40
27.79,-132,-5,51
27.80,-127,-10,47
27.81,-129,-10,40
27.82,-136,-12,37
27.83,-134,-12,39
27.84,-124,-3,40
27.85,-124,-3,42
27.86,-130,-10,40
27.87,-130,-14,37
27.88,-129,-11,30
27.89,-132,-3,33
27.90,-127,-5,39
27.91,-130,-5,40
27.92,-133,-8,42
27.93,-133,-8,48
27.94,-125,-1,59
27.95,-129,-5,54
27.96,-142,-14,48
27.97,-138,-8,53
27.98,-126,-6,50
27.99,-125,-9,39
28.00,-128,-9,31
28.01,-134,-9,35
28.02,-139,-8,50
28.03,-129,-5,48
28.04,-128,-8,36
28.05,-133,-14,46
28.06,-130,-12,50
28.07,-126,-12,48
28.08,-135,-13,55
28.09,-137,-9,52
28.10,-118,-8,42
28.11,-115,-9,33
28.12,-131,-10,26
28.13,-134,-15,38
28.14,-119,-17,54
28.15,-124,-12,51
28.16,-138,-12,42
28.17,-136,-11,47
28.18,-133,-10,43
28.19,-130,-17,35
28.20,-127,-21,40
28.21,-122,-7,47
28.22,-114,5,55
28.23,-113,-2,52
28.24,-120,-7,43
28.25,-123,-9,39
28.26,-126,-10,43
28.27,-129,-6,38
28.28,-128,0,27
28.29,-124,-5,30
28.30,-118,-8,45
28.31,-119,-9,57
28.32,-134,-10,55
28.33,-145,-10,48
28.34,-134,-8,50
28.35,-118,-8,50
28.36,-121,-9,50
28.37,-123,-9,45
28.38,-116,-7,40
28.39,-127,-8,44
28.40,-138,-9,42
28.41,-132,-6,40
28.42,-124,-5,51
28.43,-128,-15,50
28.44,-130,-14,47
28.45,-129,-4,58
28.46,-125,-5,54
28.47,-128,-7,36
28.48,-134,-4,39
28.49,-131,-4,37
28.50,-122,-5,31
28.51,-124,-8,36
28.52,-139,-14,54
28.53,-136,-19,61
28.54,-123,-13,48
28.55,-125,-9,37
28.56,-130,-14,32
28.57,-131,-15,33
28.58,-136,-17,44
28.59,-135,-13,56
28.60,-131,-12,54
28.61,-126,-14,39
28.62,-120,-8,29
28.63,-121,-8,28
28.64,-133,-8,28
28.65,-135,-9,32
28.66,-129,-10,45
28.67,-125,-11,46
28.68,-129,-9,46
28.69,-133,-4,44
28.70,-128,-9,39
28.71,-125,-10,39
28.72,-126,-8,44
28.73,-133,-11,44
28.74,-136,-13,37
28.75,-134,-9,43
28.76,-129,-7,57
28.77,-128,-6,63
28.78,-132,-7,63
28.79,-134,-6,56
28.80,-134,-11,53
28.81,-131,-16,57
28.82,-129,-10,52
28.83,-133,-6,51
28.84,-131,-8,59
28.85,-126,-12,50
28.86,-132,-9,43
28.87,-135,-7,56
28.88,-129,-11,61
28.89,-133,-13,57
28.90,-137,-5,63
28.91,-133,-8,53
28.92,-131,-21,35
28.93,-130,-18,43
28.94,-129,-8,58
28.95,-126,-14,53
28.96,-124,-17,41
28.97,-128,-8,41
28.98,-128,-4,50
28.99,-125,-9,49
29.00,-126,-8,34
29.01,-123,-4,29
29.02,-120,-7,43
29.03,-132,-9,50
29.04,-134,-9,41
29.05,-124,-11,42
29.06,-122,-6,45
29.07,-123,-1,37
29.08,-118,-11,32
29.09,-123,-17,41
29.10,-132,-12,48
29.11,-129,-8,35
29.12,-129,-16,32
29.13,-130,-15,44
29.14,-129,-6,41
29.15,-127,-8,38
29.16,-125,-12,50
29.17,-124,-11,50
29.18,-119,-5,44
29.19,-121,-3,37
29.20,-125,-6,36
29.21,-125,-3,44
29.22,-133,-4,50
29.23,-134,-9,54
29.24,-126,-10,50
29.25,-122,1,45
29.26,-120,0,36
29.27,-122,-16,36
29.28,-122,-16,52
29.29,-121,-10,52
29.30,-130,-11,55
29.31,-139,-8,56
29.32,-133,-3,48
29.33,-119,-4,49
29.34,-122,-4,47
29.35,-136,-3,51
29.36,-137,-7,53
29.37,-132,-15,49
29.38,-127,-20,45
29.39,-133,-12,45
29.40,-133,-4,42
29.41,-131,-4,47
29.42,-131,-10,50
29.43,-131,-14,45
29.44,-123,-10,39
29.45,-122,-13,40
29.46,-135,-19,44
29.47,-143,-13,49
29.48,-134,-8,47
29.49,-120,-6,42
29.50,-120,-9,44
29.51,-125,-12,58
29.52,-127,-8,63
29.53,-127,-6,46
29.54,-137,-12,46
29.55,-142,-11,50
29.56,-131,-9,45
29.57,-125,-12,38
29.58,-135,-12,36
29.59,-138,-7,40
29.60,-121,-9,40
29.61,-115,-16,47
29.62,-128,-13,52
29.63,-141,-5,47
29.64,-136,-14,41
29.65,-130,-21,32
29.66,-136,-5,38
29.67,-135,-2,61
29.68,-133,-14,60
29.69,-131,-13,52
29.70,-130,-10,50
29.71,-132,-8,39
29.72,-136,-4,37
29.73,-135,-3,42
29.74,-134,-2,53
29.75,-129,-7,53
29.76,-124,-9,35
29.77,-125,-11,29
29.78,-131,-18,43
29.79,-125,-31,58
29.80,-118,-24,41
29.81,-122,-6,30
29.82,-135,-3,41
29.83,-141,-13,49
29.84,-135,-18,51
29.85,-131,-10,43
29.86,-126,-2,37
29.87,-125,-7,40
29.88,-134,-16,48
29.89,-134,-10,50
29.90,-130,-3,45
29.91,-129,-7,40
29.92,-135,-18,42
29.93,-137,-19,42
29.94,-133,-9,39
29.95,-128,-6,44
29.96,-127,-11,41
29.97,-135,-13,37
29.98,-139,-9,50
29.99,-135,-4,56
30.00,-129,-9,47
30.01,-132,-13,44
30.02,-142,-7,45
30.03,-146,-5,45
30.04,-140,-6,53
30.05,-134,-7,49
30.06,-121,-7,27
30.07,-123,-3,35
30.08,-143,-2,51
30.09,-143,-2,49
30.10,-123,-10,42
30.11,-120,-14,43
30.12,-133,-13,41
30.13,-132,-12,45
30.14,-127,-12,46
30.15,-129,-9,46
30.16,-133,-7,61
30.17,-135,-10,66
30.18,-141,-12,42
30.19,-138,-18,31
30.20,-125,-26,44
30.21,-119,-18,55
30.22,-136,-10,55
30.23,-139,-7,48
30.24,-119,-5,43
30.25,-119,2,31
30.26,-130,2,33
30.27,-129,-6,49
30.28,-126,-14,49
30.29,-128,-17,47
30.30,-134,-13,44
30.31,-131,-8,37
30.32,-123,-9,43
30.33,-124,-12,37
30.34,-131,-10,23
30.35,-136,-3,25
30.36,-138,-6,43
30.37,-132,-11,54
30.38,-136,-10,59
30.39,-140,-13,51
30.40,-123,-12,31
30.41,-114,-3,35
30.42,-124,-5,46
30.43,-133,-11,44
30.44,-138,-10,51
30.45,-131,-6,55
30.46,-117,-1,59
30.47,-113,-10,61
30.48,-126,-17,46
30.49,-127,-10,39
30.50,-123,-1,43
30.51,-135,-8,50
30.52,-146,-10,44
30.53,-137,-8,35
30.54,-122,-9,39
30.55,-128,-10,41
30.56,-138,-13,35
30.57,-134,-13,40
30.58,-127,-8,54
30.59,-127,-8,51
30.60,-133,-8,40
30.61,-132,-9,44
30.62,-123,-16,46
30.63,-122,-13,37
30.64,-135,-9,39
30.65,-139,-8,55
30.66,-130,-4,57
30.67,-125,-9,54
30.68,-130,-13,55
30.69,-131,-9,60
30.70,-129,-3,57
30.71,-120,-4,45
30.72,-115,-7,47
30.73,-131,-8,49
30.74,-140,-7,42
30.75,-128,2,31
30.76,-130,-1,31
30.77,-130,-13,45
30.78,-117,-11,48
30.79,-117,-7,51
30.80,-122,-11,60
30.81,-124,-10,60
30.82,-130,-9,54
30.83,-134,-8,46
30.84,-141,-6,37
30.85,-144,-7,38
30.86,-140,-12,40
30.87,-129,-9,30
30.88,-122,-4,39
30.89,-129,-10,51
30.90,-136,-16,42
30.91,-136,-11,40
30.92,-135,-9,51
30.93,-134,-13,51
30.94,-131,-13,52
30.95,-129,-9,57
30.96,-133,-4,58
30.97,-137,-12,47
30.98,-137,-19,41
30.99,-145,-17,54
31.00,-143,-14,55
31.01,-132,-6,47
31.02,-129,-2,50
31.03,-125,-6,55
31.04,-117,-7,47
31.05,-122,-10,39
31.06,-129,-12,39
31.07,-125,-4,46
31.08,-126,0,51
31.09,-125,-8,38
31.10,-118,-9,33
31.11,-120,-3,44
31.12,-125,-4,51
31.13,-129,-7,45
31.14,-134,-8,41
31.15,-133,-12,37
31.16,-128,-10,40
31.17,-129,-8,43
31.18,-129,-8,48
31.19,-129,-11,48
31.20,-129,-10,46
31.21,-129,-12,43
31.22,-125,-10,35
31.23,-132,-9,28
31.24,-143,-10,34
31.25,-135,-20,55
31.26,-131,-17,56
31.27,-136,-6,42
31.28,-130,-5,45
31.29,-126,-13,47
31.30,-133,-13,33
31.31,-132,-8,39
31.32,-129,-5,61
31.33,-130,-6,55
31.34,-130,-10,40
31.35,-130,-12,48
31.36,-123,-5,48
31.37,-127,-6,44
31.38,-135,-9,54
31.39,-133,-9,60
31.40,-126,-10,47
31.41,-126,-5,43
31.42,-128,-5,51
31.43,-123,-15,47
31.44,-119,-22,46
31.45,-121,-13,49
31.46,-134,0,48
31.47,-134,-7,41
31.48,-129,-19,38
31.49,-125,-16,38
31.50,-130,-11,51
31.51,-145,-11,62
31.52,-144,-5,62
31.53,-125,-2,58
31.54,-121,-9,56
31.55,-131,-13,54
31.56,-134,-8,43
31.57,-137,-9,39
31.58,-135,-12,47
31.59,-127,-12,43
31.60,-124,-9,39
31.61,-135,-11,45
31.62,-145,-9,46
31.63,-144,-6,37
31.64,-137,-11,34
31.65,-124,-4,46
31.66,-118,1,56
31.67,-136,-8,56
31.68,-146,-13,46
31.69,-140,-9,45
31.70,-136,-13,50
31.71,-130,-24,44
31.72,-128,-20,41
31.73,-131,0,45
31.74,-131,2,52
31.75,-126,-10,39
31.76,-133,-1,25
31.77,-140,6,38
31.78,-134,0,45
31.79,-125,-3,50
31.80,-125,-4,54
31.81,-126,-6,51
31.82,-131,-9,46
31.83,-140,-9,35
31.84,-138,-6,35
31.85,-127,-5,44
31.86,-126,-5,50
31.87,-126,-3,45
31.88,-127,-8,41
31.89,-129,-10,39
31.90,-124,-6,38
31.91,-120,-6,42
31.92,-123,-11,44
31.93,-129,-11,46
31.94,-132,-6,40
31.95,-128,-4,29
31.96,-126,-3,38
31.97,-134,1,55
31.98,-129,0,55
31.99,-116,-9,42
32.00,-127,-12,51
32.01,-150,-4,52
32.02,-145,-4,40
32.03,-124,-7,38
32.04,-118,-5,42
32.05,-126,-7,30
32.06,-125,-10,33
32.07,-123,-15,46
32.08,-132,-5,46
32.09,-132,8,34
32.10,-127,2,32
32.11,-131,-5,44
32.12,-129,-8,43
32.13,-127,-11,33
32.14,-126,-8,35
32.15,-124,-6,41
32.16,-124,-9,44
32.17,-127,-8,39
32.18,-131,-6,39
32.19,-133,-12,48
32.20,-134,-20,52
32.21,-132,-14,51
32.22,-133,-4,42
32.23,-134,-4,32
32.24,-133,-11,42
32.25,-129,-11,50
32.26,-128,-13,48
32.27,-122,-15,48
32.28,-118,-2,51
32.29,-125,3,49
32.30,-129,-5,48
32.31,-126,-8,42
32.32,-122,-6,38
32.33,-130,-11,45
32.34,-134,-11,43
32.35,-130,-4,31
32.36,-132,-6,38
32.37,-131,-6,43
32.38,-131,-7,35
32.39,-131,-9,33
32.40,-130,-8,46
32.41,-130,-8,57
32.42,-132,-10,60
32.43,-123,-9,52
32.44,-111,-7,38
32.45,-115,-9,35
32.46,-125,-12,31
32.47,-127,-13,33
32.48,-126,-7,36
32.49,-129,-2,49
32.50,-132,-3,57
32.51,-134,-9,47
32.52,-134,-15,44
32.53,-130,-12,48
32.54,-133,-10,41
32.55,-133,-13,34
32.56,-128,-15,30
32.57,-136,-7,39
32.58,-133,-1,44
32.59,-118,-4,44
32.60,-120,-8,42
32.61,-130,-9,40
32.62,-130,-10,48
32.63,-126,-12,57
32.64,-131,-9,55
32.65,-144,0,43
32.66,-135,6,42
32.67,-121,-2,52
32.68,-131,-19,49
32.69,-138,-14,34
32.70,-134,-8,28
32.71,-127,-9,37
32.72,-121,-3,40
32.73,-120,-11,51
32.74,-128,-14,64
32.75,-141,-8,46
32.76,-139,-7,39
32.77,-126,-8,61
32.78,-127,-10,57
32.79,-127,-9,43
32.80,-125,-4,36
32.81,-129,-3,37
32.82,-135,-8,56
32.83,-135,-6,64
32.84,-132,-5,51
32.85,-135,-15,40
32.86,-133,-14,39
32.87,-129,-3,47
32.88,-134,-4,54
32.89,-128,-17,56
32.90,-119,-17,51
32.91,-130,-8,41
32.92,-137,-3,51
32.93,-132,-8,58
32.94,-127,-7,48
32.95,-134,-2,37
32.96,-141,-11,46
32.97,-132,-20,55
32.98,-126,-17,51
32.99,-131,-10,46
33.00,-133,-8,43
33.01,-131,-9,41
33.02,-126,-11,38
33.03,-125,-19,36
33.04,-134,-13,44
33.05,-130,0,40
33.06,-123,-4,39
33.07,-124,-11,54
33.08,-131,-16,58
33.09,-132,-12,44
33.10,-124,-8,35
33.11,-122,-8,45
33.12,-129,-4,56
33.13,-131,-1,55
33.14,-135,-10,43
33.15,-128,-15,45
33.16,-123,-10,52
33.17,-128,-11,45
33.18,-125,-9,43
33.19,-116,-11,33
33.20,-120,-11,28
33.21,-123,-9,44
33.22,-137,-16,53
33.23,-145,-11,58
33.24,-137,-3,61
33.25,-126,-10,58
33.26,-128,-17,56
33.27,-135,-13,49
33.28,-130,-10,47
33.29,-125,-10,52
33.30,-131,-15,49
33.31,-136,-13,47
33.32,-131,-10,49
33.33,-122,-10,53
33.34,-128,-8,57
33.35,-141,-6,53
33.36,-138,-7,51
33.37,-135,-11,54
33.38,-138,-10,45
33.39,-131,-7,52
33.40,-124,-11,58
33.41,-135,-20,45
33.42,-135,-13,45
33.43,-129,-8,50
33.44,-127,-9,48
33.45,-124,-9,41
33.46,-119,-7,40
33.47,-116,-10,54
33.48,-120,-12,60
33.49,-129,-12,43
33.50,-140,-10,28
33.51,-136,0,37
33.52,-131,-6,56
33.53,-133,-14,54
33.54,-130,-9,41
33.55,-125,-13,39
33.56,-125,-17,49
33.57,-121,-10,53
33.58,-125,-1,43
33.59,-135,5,29
33.60,-133,0,40
33.61,-133,-7,64
33.62,-134,-18,64
33.63,-136,-21,45
33.64,-132,-10,53
33.65,-127,-5,55
33.66,-121,-13,39
33.67,-118,-18,33
33.68,-126,-15,39
33.69,-130,-14,34
33.70,-126,-18,32
33.71,-126,-17,42
33.72,-121,-10,43
33.73,-123,-6,37
33.74,-131,-5,33
33.75,-131,-5,39
33.76,-131,-7,47
33.77,-129,-7,42
33.78,-125,-6,49
33.79,-121,-12,57
33.80,-127,-11,52
33.81,-137,-8,51
33.82,-134,-13,41
33.83,-130,-8,39
33.84,-132,3,45
33.85,-136,0,41
33.86,-129,-12,36
33.87,-132,-12,39
33.88,-132,-4,45
33.89,-129,-10,42
33.90,-136,-13,40
33.91,-136,-5,54
33.92,-125,-1,62
33.93,-127,-7,49
33.94,-129,-9,43
33.95,-125,-9,51
33.96,-123,-7,39
33.97,-134,-7,30
33.98,-134,-11,50
33.99,-123,-8,61
34.00,-124,-1,53
34.01,-133,-4,44
34.02,-138,-13,41
34.03,-139,-14,48
34.04,-134,-12,38
34.05,-124,-12,32
34.06,-114,-6,62
34.07,-120,-8,66
34.08,-139,-19,47
34.09,-139,-16,40
34.10,-129,-6,46
34.11,-132,-2,48
34.12,-138,-7,38
34.13,-134,-17,37
34.14,-130,-13,46
34.15,-139,-3,43
34.16,-139,-5,35
34.17,-126,-3,36
34.18,-124,-2,43
34.19,-129,-4,52
34.20,-126,-4,56
34.21,-123,-4,48
34.22,-125,-8,37
34.23,-127,-10,35
34.24,-129,-2,38
34.25,-124,1,42
34.26,-132,-6,49
34.27,-142,-17,53
34.28,-128,-12,59
34.29,-112,2,52
34.30,-126,-2,35
34.31,-137,-12,42
34.32,-132,-13,51
34.33,-123,-4,41
34.34,-120,-5,37
34.35,-126,-13,39
34.36,-130,-8,38
34.37,-134,1,45
34.38,-136,5,44
34.39,-126,-3,35
34.40,-119,-13,37
34.41,-133,-10,40
34.42,-145,-9,43
34.43,-137,-14,47
34.44,-127,-18,43
34.45,-128,-10,37
34.46,-131,-9,42
34.47,-124,-11,43
34.48,-121,-8,33
34.49,-134,-6,35
34.50,-135,-12,51
34.51,-124,-21,52
34.52,-123,-14,46
34.53,-127,-6,46
34.54,-127,-10,49
34.55,-131,-14,52
34.56,-130,-14,47
34.57,-128,-20,50
34.58,-125,-20,57
34.59,-123,-16,50
34.60,-134,-12,35
34.61,-136,-8,43
34.62,-128,-7,55
34.63,-120,-9,52
34.64,-114,-9,52
34.65,-122,-7,50
34.66,-134,-3,39
34.67,-131,-4,44
34.68,-127,-12,53
34.69,-135,-14,50
34.70,-134,-10,49
34.71,-130,-9,49
34.72,-135,-6,38
34.73,-139,-5,30
34.74,-132,-2,35
34.75,-129,-5,46
34.76,-138,-13,49
34.77,-143,-17,40
34.78,-138,-16,34
34.79,-129,-10,37
34.80,-126,-1,35
34.81,-132,-4,41
34.82,-122,-9,51
34.83,-116,-7,40
34.84,-130,-14,41
34.85,-142,-15,55
34.86,-136,-7,49
34.87,-132,-3,35
34.88,-131,-10,34
34.89,-123,-8,38
34.90,-120,-6,43
34.91,-125,-11,41
34.92,-135,-16,40
34.93,-138,-15,45
34.94,-130,-2,49
34.95,-124,7,44
34.96,-124,-1,41
34.97,-130,-15,35
34.98,-138,-17,38
34.99,-133,-4,55
35.00,-129,0,59
35.01,-132,-11,49
35.02,-131,-14,47
35.03,-120,-9,48
35.04,-117,-2,45
35.05,-123,0,52
35.06,-130,-5,43
35.07,-128,-5,38
35.08,-128,-1,48
35.09,-132,-9,45
35.10,-128,-20,39
35.11,-129,-16,35
35.12,-135,-8,36
35.13,-135,-6,50
35.14,-139,-3,52
35.15,-136,-2,48
35.16,-122,-7,54
35.17,-118,-15,56
35.18,-129,-20,50
35.19,-131,-18,44
35.20,-128,-9,44
35.21,-124,3,48
35.22,-124,0,52
35.23,-134,-12,38
35.24,-136,-18,32
35.25,-134,-13,44
35.26,-139,-4,59
35.27,-139,0,61
35.28,-127,-6,48
35.29,-123,-5,40
35.30,-134,-8,41
35.31,-134,-15,37
35.32,-130,-20,43
35.33,-129,-18,59
35.34,-125,-12,59
35.35,-131,-12,36
35.36,-138,-10,32
35.37,-126,-12,51
35.38,-113,-13,50
35.39,-127,-16,42
35.40,-136,-12,36
35.41,-124,-2,43
35.42,-119,-1,60
35.43,-127,-4,50
35.44,-134,-9,27
35.45,-127,-17,31
35.46,-120,-17,44
35.47,-118,-14,37
35.48,-119,-4,35
35.49,-121,5,39
35.50,-123,-8,47
35.51,-122,-17,55
35.52,-122,-11,50
35.53,-129,-12,51
35.54,-134,-11,48
35.55,-133,-4,44
35.56,-133,-4,36
35.57,-129,-3,30
35.58,-132,-7,31
35.59,-130,-12,39
35.60,-123,-9,43
35.61,-123,-4,50
35.62,-122,-2,60
35.63,-121,-9,55
35.64,-121,-21,43
35.65,-129,-19,42
35.66,-145,-10,49
35.67,-142,-2,48
35.68,-119,-7,47
35.69,-113,-17,46
35.70,-126,-12,38
35.71,-133,-7,37
35.72,-132,-17,42
35.73,-128,-17,52
35.74,-132,-9,52
35.75,-134,-7,40
35.76,-135,-8,33
35.77,-143,-7,36
35.78,-137,-9,45
35.79,-124,-6,54
35.80,-123,-8,51
35.81,-133,-11,43
35.82,-137,-4,46
35.83,-129,4,49
35.84,-122,-7,46
35.85,-126,-17,43
35.86,-139,-10,46
35.87,-142,-2,43
35.88,-130,-1,45
35.89,-116,-7,46
35.90,-119,-8,44
35.91,-129,1,39
35.92,-135,2,33
35.93,-138,-11,33
35.94,-134,-17,38
35.95,-129,-10,48
35.96,-128,-1,56
35.97,-126,-1,44
35.98,-123,-3,40
35.99,-132,-4,44
36.00,-138,-3,44
36.01,-132,-8,45
36.02,-130,-17,48
36.03,-135,-14,47
36.04,-132,-8,46
36.05,-127,-13,42
36.06,-121,-13,37
36.07,-125,-4,31
36.08,-128,-7,37
36.09,-126,-14,48
36.10,-130,-14,48
36.11,-130,-10,44
36.12,-129,-8,46
36.13,-131,-1,32
36.14,-127,4,29
36.15,-122,-4,43
36.16,-124,-13,48
36.17,-133,-13,46
36.18,-141,-6,40
36.19,-133,-9,46
36.20,-124,-8,53
36.21,-124,-7,37
36.22,-127,-10,25
36.23,-135,-14,31
36.24,-139,-9,42
36.25,-138,-11,53
36.26,-133,-13,56
36.27,-125,-11,51
36.28,-128,-9,54
36.29,-133,-3,55
36.30,-128,-4,48
36.31,-124,-10,43
36.32,-124,-8,41
36.33,-126,-8,35
36.34,-129,-20,40
36.35,-134,-18,38
36.36,-136,-5,37
36.37,-129,-3,54
36.38,-126,-13,56
36.39,-128,-15,39
36.40,-125,-8,43
36.41,-123,-4,45
36.42,-124,-8,30
36.43,-122,-14,27
36.44,-123,-9,41
36.45,-122,-3,44
36.46,-123,-4,43
36.47,-128,-3,47
36.48,-135,-5,48
36.49,-132,-13,40
36.50,-125,-11,36
36.51,-137,-9,44
36.52,-140,-13,48
36.53,-124,-9,45
36.54,-124,-8,32
36.55,-121,-13,33
36.56,-116,-21,44
36.57,-131,-17,57
36.58,-131,-6,55
36.59,-121,-11,41
36.60,-125,-14,44
36.61,-129,-4,58
36.62,-133,-2,60
36.63,-132,-5,50
36.64,-129,-5,46
36.65,-132,-4,53
36.66,-135,-9,45
36.67,-128,-6,30
36.68,-123,-3,34
36.69,-130,-7,48
36.70,-137,-14,47
36.71,-131,-16,28
36.72,-132,-19,32
36.73,-132,-18,53
36.74,-128,-10,53
36.75,-131,-2,48
36.76,-140,-1,49
36.77,-132,-13,49
36.78,-123,-16,50
36.79,-127,-4,56
36.80,-124,-3,50
36.81,-122,-10,45
36.82,-131,-12,44
36.83,-125,-17,39
36.84,-120,-18,40
36.85,-129,-14,48
36.86,-136,-11,50
36.87,-138,-9,44
36.88,-131,-6,37
36.89,-126,-11,30
36.90,-134,-14,35
36.91,-133,-6,49
36.92,-129,-8,42
36.93,-131,-11,31
36.94,-125,-7,44
36.95,-131,-7,49
36.96,-138,-2,44
36.97,-131,-2,38
36.98,-129,-12,39
36.99,-126,-10,44
37.00,-118,-4,50
37.01,-118,-6,52
37.02,-129,-9,36
37.03,-132,-12,37
37.04,-130,-19,48
37.05,-124,-20,38
37.06,-118,-13,34
37.07,-125,-7,47
37.08,-129,-6,45
37.09,-116,-8,29
37.10,-110,-14,41
37.11,-132,-16,48
37.12,-144,-17,31
37.13,-128,-16,31
37.14,-131,-7,48
37.15,-141,-6,44
37.16,-138,-14,31
37.17,-134,-14,38
37.18,-129,-11,45
37.19,-121,-2,36
37.20,-124,2,47
37.21,-135,-10,56
37.22,-141,-14,30
37.23,-127,-8,24
37.24,-117,-8,48
37.25,-121,-14,46
37.26,-120,-14,35
37.27,-127,-11,59
37.28,-135,-7,68
37.29,-128,-9,38
37.30,-123,-5,31
37.31,-125,-2,51
37.32,-129,-5,55
37.33,-126,-11,46
37.34,-124,-8,47
37.35,-135,-4,52
37.36,-135,-12,43
37.37,-123,-17,37
37.38,-129,-10,46
37.39,-141,-6,47
37.40,-135,0,38
37.41,-124,-1,38
37.42,-127,-7,47
37.43,-135,-10,42
37.44,-130,-12,41
37.45,-123,-5,46
37.46,-127,0,55
37.47,-135,-11,59
37.48,-135,-16,48
37.49,-123,-12,39
37.50,-119,-12,46
37.51,-133,-13,53
37.52,-138,-13,53
37.53,-128,-9,47
37.54,-128,-3,49
37.55,-136,-3,61
37.56,-134,-8,61
37.57,-122,-13,47
37.58,-128,-12,40
37.59,-139,-3,38
37.60,-133,-3,43
37.61,-124,-8,53
37.62,-120,-9,50
37.63,-126,-11,34
37.64,-133,-17,26
37.65,-133,-17,35
37.66,-129,-15,47
37.67,-129,-5,38
37.68,-126,0,29
37.69,-128,-12,40
37.70,-129,-17,46
37.71,-125,-13,41
37.72,-123,-9,44
37.73,-123,-5,55
37.74,-128,-5,61
37.75,-137,-9,55
37.76,-133,-3,37
37.77,-121,-6,32
37.78,-118,-18,47
37.79,-123,-21,49
37.80,-134,-8,44
37.81,-144,-4,48
37.82,-132,-9,40
37.83,-125,-5,35
37.84,-136,-7,39
37.85,-131,-15,43
37.86,-115,-19,34
37.87,-109,-19,33
37.88,-122,-17,50
37.89,-132,-4,57
37.90,-122,-1,45
37.91,-116,-14,44
37.92,-123,-17,48
37.93,-129,-12,42
37.94,-130,-7,38
37.95,-131,-11,38
37.96,-137,-18,36
37.97,-133,-14,42
37.98,-122,-4,54
37.99,-119,-2,49
38.00,-124,-7,35
38.01,-125,-4,33
38.02,-127,-5,44
38.03,-130,-13,52
38.04,-133,-8,51
38.05,-127,-4,47
38.06,-124,-5,59
38.07,-135,-12,64
38.08,-139,-16,48
38.09,-134,-13,46
38.10,-122,-6,55
38.11,-117,3,63
38.12,-124,-7,60
38.13,-131,-16,49
38.14,-131,-8,40
38.15,-132,-8,38
38.16,-138,-10,36
38.17,-142,1,32
38.18,-136,0,34
38.19,-124,-11,47
38.20,-135,-13,45
38.21,-147,-10,38
38.22,-133,-10,42
38.23,-119,-6,57
38.24,-122,-2,62
38.25,-136,-6,48
38.26,-140,-14,35
38.27,-132,-13,45
38.28,-125,-8,52
38.29,-123,-8,46
38.30,-123,-11,39
38.31,-132,-18,49
38.32,-137,-19,62
38.33,-136,-12,58
38.34,-138,-17,47
38.35,-131,-26,54
38.36,-118,-13,58
38.37,-118,-2,45
38.38,-130,-4,39
38.39,-136,-6,46
38.40,-128,-10,55
38.41,-116,-15,47
38.42,-123,-12,35
38.43,-134,-12,46
38.44,-133,-15,52
38.45,-123,-10,38
38.46,-125,-7,40
38.47,-139,-9,47
38.48,-140,-9,41
38.49,-132,-8,48
38.50,-136,-8,60
38.51,-135,-16,58
38.52,-124,-11,47
38.53,-123,2,50
38.54,-127,3,59
38.55,-133,-1,63
38.56,-131,-10,60
38.57,-126,-16,41
38.58,-126,-15,36
38.59,-124,-11,43
38.60,-118,-9,43
38.61,-128,-12,44
38.62,-140,-13,43
38.63,-132,-7,49
38.64,-125,-8,49
38.65,-137,-15,37
38.66,-139,-15,47
38.67,-134,-15,60
38.68,-137,-14,55
38.69,-133,-2,52
38.70,-125,-1,50
38.71,-128,-14,44
38.72,-135,-14,56
38.73,-140,-20,52
38.74,-130,-25,40
38.75,-117,-15,49
38.76,-121,-13,49
38.77,-127,-16,40
38.78,-132,-15,47
38.79,-130,-12,49
38.80,-126,-11,40
38.81,-131,-10,34
38.82,-132,-12,37
38.83,-127,-12,37
38.84,-124,-10,33
38.85,-126,-9,40
38.86,-132,-5,54
38.87,-133,-6,50
38.88,-129,-13,37
38.89,-125,-11,33
38.90,-126,-9,36
38.91,-131,-7,37
38.92,-139,-3,37
38.93,-139,-6,38
38.94,-132,-17,40
38.95,-127,-21,48
38.96,-138,-15,44
38.97,-139,-7,42
38.98,-128,-4,42
38.99,-124,-5,40
39.00,-127,-15,41
39.01,-131,-20,43
39.02,-136,-22,41
39.03,-135,-12,38
39.04,-130,-2,40
39.05,-137,-7,50
39.06,-145,-9,59
39.07,-139,-10,59
39.08,-137,-10,48
39.09,-132,-8,36
39.10,-133,-12,41
39.11,-133,-6,51
39.12,-136,-7,50
39.13,-141,-15,39
39.14,-137,-12,31
39.15,-134,-7,44
39.16,-134,-5,47
39.17,-127,-4,29
39.18,-123,-13,27
39.19,-132,-20,36
39.20,-132,-13,44
39.21,-123,-8,43
39.22,-127,-9,40
39.23,-139,-9,46
39.24,-130,-8,55
39.25,-121,-11,44
39.26,-124,-10,31
39.27,-127,-7,42
39.28,-134,-9,54
39.29,-138,-20,60
39.30,-134,-20,50
39.31,-123,-4,37
39.32,-128,-6,55
39.33,-140,-18,52
39.34,-137,-15,26
39.35,-133,-8,39
39.36,-137,-8,52
39.37,-136,-9,45
39.38,-134,-15,40
39.39,-126,-15,41
39.40,-123,-6,35
39.41,-127,3,41
39.42,-132,-2,42
39.43,-132,-14,31
39.44,-128,-18,39
39.45,-125,-11,55
39.46,-123,-5,53
39.47,-131,-1,49
39.48,-138,-3,43
39.49,-130,-11,35
39.50,-128,-15,35
39.51,-138,-8,35
39.52,-141,-6,29
39.53,-134,-13,30
39.54,-131,-10,40
39.55,-133,-14,47
39.56,-132,-17,52
39.57,-127,-9,44
39.58,-129,-6,40
39.59,-134,-6,41
39.60,-129,-10,37
39.61,-127,-10,39
39.62,-135,-9,45
39.63,-136,-2,44
39.64,-134,-6,33
39.65,-130,-12,37
39.66,-120,-5,50
39.67,-124,-10,52
39.68,-132,-22,51
39.69,-132,-17,44
39.70,-130,-9,36
39.71,-131,-9,42
39.72,-125,-6,50
39.73,-122,-12,48
39.74,-124,-20,45
39.75,-131,-11,44
39.76,-129,0,43
39.77,-122,-5,35
39.78,-127,-9,36
39.79,-137,-6,43
39.80,-133,2,37
39.81,-125,2,37
39.82,-122,-11,53
39.83,-124,-21,51
39.84,-132,-16,35
39.85,-127,-4,41
39.86,-123,1,58
39.87,-128,-5,54
39.88,-129,-15,44
39.89,-127,-8,42
39.90,-133,-2,34
39.91,-136,-15,36
39.92,-133,-20,38
39.93,-135,-6,41
39.94,-131,-4,53
39.95,-131,-9,48
39.96,-133,-3,47
39.97,-135,4,51
39.98,-133,2,40
39.99,-125,-11,49
40.00,-127,-17,48
40.01,-125,-8,30
40.02,-123,-5,36
40.03,-129,-10,48
40.04,-125,-12,44
40.05,-123,-12,46
40.06,-125,-11,44
40.07,-118,-13,39
40.08,-117,-11,37
40.09,-125,-8,33
40.10,-121,-9,39
40.11,-116,-17,57
40.12,-118,-19,53
40.13,-123,-10,50
40.14,-124,4,52
40.15,-126,2,38
40.16,-129,-5,34
40.17,-127,-7,46
40.18,-118,-4,49
40.19,-118,-4,49
40.20,-130,-8,56
40.21,-133,-10,43
40.22,-129,-6,28
40.23,-131,-2,34
40.24,-135,-6,39
40.25,-132,-14,40
40.26,-126,-10,40
40.27,-123,-5,43
40.28,-119,-9,46
40.29,-118,-16,49
40.30,-130,-15,49
40.31,-134,-9,36
40.32,-127,1,42
40.33,-132,3,59
40.34,-129,-5,41
40.35,-124,-11,35
40.36,-132,-9,46
40.37,-136,-7,44
40.38,-137,-10,30
40.39,-131,-13,36
40.40,-127,-11,42
40.41,-129,-7,38
40.42,-128,-15,38
40.43,-128,-23,47
40.44,-131,-5,51
40.45,-124,11,52
40.46,-121,1,50
40.47,-125,-10,42
40.48,-126,-13,36
40.49,-121,-17,30
40.50,-133,-12,36
40.51,-139,-4,44
40.52,-132,-1,32
40.53,-139,-6,30
40.54,-145,-1,43
40.55,-131,1,50
40.56,-124,-9,50
40.57,-137,-12,42
40.58,-134,-10,42
40.59,-126,-11,44
40.60,-129,-19,39
40.61,-138,-22,35
40.62,-140,-11,43
40.63,-133,-8,54
40.64,-124,-12,49
40.65,-122,-3,38
40.66,-131,0,38
40.67,-134,-7,48
40.68,-127,-13,47
40.69,-127,-14,40
40.70,-128,-13,42
40.71,-122,-2,46
40.72,-121,1,50
40.73,-128,-12,57
40.74,-137,-15,47
40.75,-138,-7,34
40.76,-124,-10,39
40.77,-117,-20,46
40.78,-122,-13,38
40.79,-126,-2,44
40.80,-121,-1,50
40.81,-117,1,38
40.82,-124,-1,30
40.83,-125,-5,35
40.84,-123,-6,33
40.85,-128,-6,34
40.86,-133,-2,35
40.87,-135,3,38
40.88,-133,-4,42
40.89,-131,-8,41
40.90,-134,-1,39
40.91,-139,-4,32
40.92,-128,-11,37
40.93,-126,-4,53
40.94,-133,-5,52
40.95,-133,-11,40
40.96,-126,-12,40
40.97,-131,-10,43
40.98,-141,-6,42
40.99,-135,-8,40
41.00,-133,-12,41
41.01,-138,-13,43
41.02,-135,-13,41
41.03,-129,-13,35
41.04,-125,-10,37
41.05,-125,-4,34
41.06,-133,-2,33
41.07,-137,-6,44
41.08,-123,-5,50
41.09,-115,-3,43
41.10,-130,-3,48
41.11,-139,-1,50
41.12,-139,-6,42
41.13,-141,-13,42
41.14,-138,-4,41
41.15,-131,-5,38
41.16,-129,-18,46
41.17,-133,-18,50
41.18,-137,-12,43
41.19,-137,-5,39
41.20,-129,-5,52
41.21,-122,-15,61
41.22,-125,-18,46
41.23,-126,-18,41
41.24,-121,-15,46
41.25,-127,-3,37
41.26,-134,0,28
41.27,-128,-7,32
41.28,-129,-12,52
41.29,-133,-15,54
41.30,-125,-11,44
41.31,-122,-4,53
41.32,-131,-6,59
41.33,-129,-15,56
41.34,-126,-12,43
41.35,-128,-1,43
41.36,-124,-3,49
41.37,-126,-15,44
41.38,-130,-13,41
41.39,-133,-9,39
41.40,-144,-12,48
41.41,-140,-4,55
41.42,-123,-2,44
41.43,-121,-11,35
41.44,-127,-8,33
41.45,-128,-3,35
41.46,-129,-5,38
41.47,-136,-10,39
41.48,-132,-15,34
41.49,-122,-13,40
41.50,-128,-3,51
41.51,-136,0,53
41.52,-135,-1,41
41.53,-124,-4,40
41.54,-120,-3,54
41.55,-126,-5,54
41.56,-127,-14,41
41.57,-126,-19,36
41.58,-130,-15,40
41.59,-133,-8,32
41.60,-129,-9,27
41.61,-125,-11,38
41.62,-131,-10,41
41.63,-134,-9,35
41.64,-137,-8,36
41.65,-134,-7,41
41.66,-128,-12,41
41.67,-128,-15,41
41.68,-126,-10,42
41.69,-120,-1,40
41.70,-124,-1,40
41.71,-124,-5,50
41.72,-122,-3,48
41.73,-129,-5,43
41.74,-130,-12,43
41.75,-129,-10,43
41.76,-132,-6,46
41.77,-133,-2,43
41.78,-135,2,38
41.79,-135,-4,42
41.80,-127,-13,44
41.81,-124,-12,37
41.82,-125,-9,46
41.83,-127,-7,55
41.84,-127,-10,48
41.85,-126,-10,36
41.86,-126,-4,39
41.87,-131,-2,51
41.88,-131,-8,47
41.89,-133,-11,44
41.90,-128,-6,50
41.91,-121,-8,48
41.92,-122,-9,46
41.93,-127,-1,41
41.94,-132,-5,44
41.95,-128,-10,56
41.96,-122,-4,54
41.97,-131,-7,47
41.98,-135,-12,48
41.99,-126,-12,42
42.00,-120,-14,42
42.01,-116,-8,44
42.02,-120,-8,40
42.03,-130,-14,44
42.04,-132,-12,53
42.05,-128,-1,52
42.06,-131,-3,41
42.07,-133,-13,34
42.08,-118,-16,41
42.09,-114,-16,50
42.10,-128,-8,53
42.11,-133,-7,44
42.12,-133,-8,33
42.13,-128,-4,43
42.14,-137,-1,50
42.15,-139,-10,35
42.16,-122,-12,35
42.17,-120,-5,55
42.18,-130,-8,54
42.19,-131,-14,38
42.20,-124,-11,38
42.21,-127,-7,52
42.22,-127,-9,58
42.23,-121,-10,42
42.24,-124,-4,33
42.25,-132,-9,44
42.26,-132,-14,42
42.27,-135,-14,42
42.28,-136,-14,49
42.29,-134,-7,53
42.30,-139,-5,51
42.31,-138,-7,36
42.32,-126,-11,24
42.33,-126,-7,32
42.34,-131,-8,46
42.35,-126,-12,43
42.36,-131,-8,45
42.37,-137,-5,54
42.38,-137,-8,46
42.39,-130,-11,36
42.40,-119,-13,40
42.41,-117,-8,37
42.42,-123,2,36
42.43,-138,-6,44
42.44,-143,-21,45
42.45,-136,-14,39
42.46,-129,-3,36
42.47,-129,-9,46
42.48,-129,-11,49
42.49,-126,-6,44
42.50,-125,-14,43
42.51,-128,-12,47
42.52,-130,-2,57
42.53,-127,-6,58
42.54,-123,-12,41
42.55,-128,-9,32
42.56,-133,-5,37
42.57,-132,-5,41
42.58,-131,-4,37
42.59,-132,-6,38
42.60,-129,-15,41
42.61,-124,-22,32
42.62,-124,-10,33
42.63,-128,-4,42
42.64,-126,-7,46
42.65,-123,-10,56
42.66,-123,-13,48
42.67,-116,-10,33
42.68,-114,-1,46
42.69,-128,-5,58
42.70,-135,-8,48
42.71,-125,-10,50
42.72,-129,-13,53
42.73,-146,-16,51
42.74,-137,-8,41
42.75,-125,3,40
42.76,-129,-2,43
42.77,-126,-6,42
42.78,-122,-7,53
42.79,-131,-13,57
42.80,-134,-14,42
42.81,-127,-13,36
42.82,-129,-18,43
42.83,-135,-18,47
42.84,-132,-12,48
42.85,-132,-8,43
42.86,-126,-6,44
42.87,-127,-10,49
42.88,-135,-13,40
42.89,-136,-12,36
42.90,-133,-9,47
42.91,-131,-7,44
42.92,-126,-13,31
42.93,-125,-11,35
42.94,-126,-7,55
42.95,-128,-5,53
42.96,-134,-7,38
42.97,-136,-15,44
42.98,-128,-14,45
42.99,-118,-5,39
43.00,-123,-3,44
43.01,-133,-6,41
43.02,-132,-6,49
43.03,-132,-11,49
43.04,-137,-11,41
43.05,-137,-2,48
43.06,-139,-2,55
43.07,-136,-8,59
43.08,-128,-12,54
43.09,-132,-11,51
43.10,-134,-9,48
43.11,-129,-13,32
43.12,-134,-21,40
43.13,-140,-15,49
43.14,-133,-1,42
43.15,-128,3,32
43.16,-125,0,32
43.17,-117,-1,45
43.18,-117,-8,51
43.19,-126,-16,46
43.20,-133,-15,34
43.21,-133,-8,33
43.22,-129,-3,45
43.23,-126,-8,39
43.24,-122,-15,31
43.25,-122,-15,44
43.26,-121,-16,52
43.27,-127,-11,35
43.28,-133,-2,24
43.29,-127,-5,44
43.30,-128,-15,48
43.31,-132,-13,36
43.32,-130,-8,41
43.33,-123,-10,51
43.34,-117,-12,52
43.35,-122,-3,50
43.36,-131,-6,43
43.37,-134,-15,42
43.38,-134,-14,47
43.39,-129,-13,52
43.40,-130,-3,48
43.41,-127,6,41
43.42,-122,-2,38
43.43,-132,-11,44
43.44,-142,-10,48
43.45,-138,-9,44
43.46,-131,-9,48
43.47,-131,-12,50
43.48,-129,-11,41
43.49,-128,-7,34
43.50,-132,-8,40
43.51,-132,-5,44
43.52,-124,-6,39
43.53,-128,-18,42
43.54,-135,-20,47
43.55,-126,-11,39
43.56,-122,-11,37
43.57,-133,-12,47
43.58,-130,-7,55
43.59,-123,-6,49
43.60,-131,-10,39
43.61,-133,-10,44
43.62,-129,-3,45
43.63,-131,1,31
43.64,-131,1,37
43.65,-122,-3,60
43.66,-125,-7,58
43.67,-132,-11,26
43.68,-126,-16,16
43.69,-116,-13,36
43.70,-122,-10,48
43.71,-133,-4,43
43.72,-137,1,39
43.73,-130,-2,44
43.74,-127,-7,38
43.75,-130,-1,36
43.76,-130,1,44
43.77,-136,-9,53
43.78,-141,-17,54
43.79,-136,-11,47
43.80,-124,-3,43
43.81,-124,-8,41
43.82,-132,-8,46
43.83,-131,-4,47
43.84,-123,-6,42
43.85,-124,-8,46
43.86,-134,-11,54
43.87,-138,-13,43
43.88,-132,-14,37
43.89,-125,-11,42
43.90,-132,-8,34
43.91,-138,-11,36
43.92,-125,-16,51
43.93,-116,-18,61
43.94,-121,-16,51
43.95,-136,-6,36
43.96,-138,1,40
43.97,-123,-2,48
43.98,-121,-7,49
43.99,-135,-10,41
44.00,-136,-11,42
44.01,-123,-7,57
44.02,-122,-4,56
44.03,-138,-11,46
44.04,-138,-14,42
44.05,-126,-5,39
44.06,-125,-5,37
44.07,-130,-13,41
44.08,-131,-5,48
44.09,-132,2,51
44.10,-131,-14,56
44.11,-124,-15,43
44.12,-120,2,30
44.13,-122,1,40
44.14,-122,-5,49
44.15,-122,2,44
44.16,-128,3,39
44.17,-138,-10,39
44.18,-136,-18,55
44.19,-125,-11,55
44.20,-119,-2,30
44.21,-120,-8,31
44.22,-126,-15,49
44.23,-129,-14,42
44.24,-137,-11,38
44.25,-141,-8,47
44.26,-138,-15,47
44.27,-131,-14,47
44.28,-128,-3,45
44.29,-132,-3,40
44.30,-130,-6,48
44.31,-123,-8,59
44.32,-131,-6,59
44.33,-132,-3,58
44.34,-124,-7,47
44.35,-133,-13,48
44.36,-138,-7,59
44.37,-126,0,63
44.38,-120,-5,57
44.39,-126,-6,47
44.40,-132,-7,39
44.41,-130,-11,38
44.42,-124,-9,44
44.43,-123,-3,44
44.44,-128,0,35
44.45,-128,-3,22
44.46,-132,-11,36
44.47,-129,-18,57
44.48,-126,-15,50
44.49,-120,-12,30
44.50,-122,-16,24
44.51,-129,-11,33
44.52,-128,-3,35
44.53,-137,-5,39
44.54,-142,-12,51
44.55,-128,-10,51
44.56,-117,-4,43
44.57,-129,-7,57
44.58,-138,-16,59
44.59,-130,-17,36
44.60,-122,-9,29
44.61,-124,-4,47
44.62,-129,-5,51
44.63,-120,-3,51
44.64,-125,-5,54
44.65,-138,-13,53
44.66,-128,-18,49
44.67,-117,-11,38
44.68,-127,-5,27
44.69,-123,-13,31
44.70,-124,-15,45
44.71,-136,-4,56
44.72,-136,0,55
44.73,-138,-7,40
44.74,-138,-9,30
44.75,-128,-12,30
44.76,-122,-16,37
44.77,-122,-17,43
44.78,-122,-16,48
44.79,-122,-15,51
44.80,-121,-13,52
44.81,-125,-13,52
44.82,-121,-15,51
44.83,-122,-11,48
44.84,-126,-5,49
44.85,-119,0,48
44.86,-118,0,45
44.87,-128,-7,35
44.88,-133,-14,27
44.89,-129,-2,38
44.90,-126,11,44
44.91,-130,1,30
44.92,-126,-14,29
44.93,-120,-14,51
44.94,-123,-13,58
44.95,-129,-15,55
44.96,-133,-17,56
44.97,-134,-12,44
44.98,-131,0,36
44.99,-137,0,46
45.00,-140,-8,41